instance,family,n_customers,method,method_family,tag,metaheuristic,time_limit_s,vehicle_cost,K_eval,seed_eval,cv_global_eval,cv_link_eval,feasible,vehicles,distance,runtime_s,ontime_mean,ontime_p50,ontime_p95,tard_mean,sla_metric,sla_threshold,meets_SLA,is_champion,status,version_tag,seed_build,gap_to_det_pct,gap_to_best_pct,pred_prob,pred_label
C101,C,100,DET,DET,TL30_MGLS_V10000,GLS,30,10000,200,42,0.2,0.1,True,10,845.0,7.6,99.6,99.8,98.2,2.4,ontime_p50,95.0,True,False,feasible,static_v1,0,0.0,1.12,0.8975,1
C101,C,100,Q110,Q,TL30_MGLS_V10000,GLS,30,10000,200,42,0.2,0.1,True,10,843.7,15.3,99.7,99.6,98.6,2.4,ontime_p50,95.0,True,False,feasible,static_v1,0,-0.15,0.97,0.895,1
C101,C,100,Q120,Q,TL30_MGLS_V10000,GLS,30,10000,200,42,0.2,0.1,True,10,835.6,23.9,99.8,99.4,97.5,2.3,ontime_p50,95.0,True,True,feasible,static_v1,0,-1.11,0.0,0.325,0
C101,C,100,Q130,Q,TL30_MGLS_V10000,GLS,30,10000,200,42,0.2,0.1,True,11,858.8,24.2,100.0,100.0,98.6,2.2,ontime_p50,95.0,True,False,feasible,static_v1,0,1.63,2.78,0.8825,1
C101,C,100,SAA16-b0p3,SAA,TL30_MGLS_V10000,GLS,30,10000,200,42,0.2,0.1,True,10,857.9,161.3,100.0,100.0,99.1,2.1,ontime_p50,95.0,True,False,feasible,static_v1,0,1.53,2.67,0.965,1
C101,C,100,SAA32-b0p5,SAA,TL30_MGLS_V10000,GLS,30,10000,200,42,0.2,0.1,True,10,878.7,259.1,100.0,100.0,99.1,2.2,ontime_p50,95.0,True,False,feasible,static_v1,0,3.99,5.16,0.965,1
C101,C,100,SAA64-b0p7,SAA,TL30_MGLS_V10000,GLS,30,10000,200,42,0.2,0.1,True,10,897.2,435.4,100.0,100.0,99.2,2.3,ontime_p50,95.0,True,False,feasible,static_v1,0,6.18,7.37,0.9825,1
C101,C,100,Gamma1-q1p645,Gamma,TL30_MGLS_V10000,GLS,30,10000,200,42,0.2,0.1,True,11,854.9,200.4,99.8,99.8,99.0,2.2,ontime_p50,95.0,True,False,feasible,static_v1,0,1.17,2.31,0.99,1
C101,C,100,Gamma2-q1p645,Gamma,TL30_MGLS_V10000,GLS,30,10000,200,42,0.2,0.1,True,10,855.1,354.8,99.8,100.0,99.3,2.1,ontime_p50,95.0,True,False,feasible,static_v1,0,1.2,2.33,0.9825,1
C102,C,100,DET,DET,TL30_MGLS_V10000,GLS,30,10000,200,42,0.2,0.1,True,10,856.5,8.6,99.6,99.8,98.5,2.4,ontime_p50,95.0,True,True,feasible,static_v1,0,0.0,0.0,0.915,1
C102,C,100,Q110,Q,TL30_MGLS_V10000,GLS,30,10000,200,42,0.2,0.1,True,10,875.5,15.6,99.8,99.9,98.1,2.0,ontime_p50,95.0,True,False,feasible,static_v1,0,2.22,2.22,0.8525,1
C102,C,100,Q120,Q,TL30_MGLS_V10000,GLS,30,10000,200,42,0.2,0.1,True,10,858.7,19.9,99.6,99.7,98.6,2.1,ontime_p50,95.0,True,False,feasible,static_v1,0,0.26,0.26,0.8425,1
C102,C,100,Q130,Q,TL30_MGLS_V10000,GLS,30,10000,200,42,0.2,0.1,True,11,860.6,27.0,100.0,99.8,97.9,2.3,ontime_p50,95.0,True,False,feasible,static_v1,0,0.48,0.48,0.335,0
C102,C,100,SAA16-b0p3,SAA,TL30_MGLS_V10000,GLS,30,10000,200,42,0.2,0.1,True,11,880.9,161.8,99.8,99.9,99.2,2.1,ontime_p50,95.0,True,False,feasible,static_v1,0,2.85,2.85,0.95,1
C102,C,100,SAA32-b0p5,SAA,TL30_MGLS_V10000,GLS,30,10000,200,42,0.2,0.1,True,10,907.9,268.0,100.0,100.0,99.3,2.2,ontime_p50,95.0,True,False,feasible,static_v1,0,6.0,6.0,0.9575,1
C102,C,100,SAA64-b0p7,SAA,TL30_MGLS_V10000,GLS,30,10000,200,42,0.2,0.1,True,10,908.7,415.9,99.9,99.9,98.4,2.2,ontime_p50,95.0,True,False,feasible,static_v1,0,6.09,6.09,0.9825,1
C102,C,100,Gamma1-q1p645,Gamma,TL30_MGLS_V10000,GLS,30,10000,200,42,0.2,0.1,True,10,859.7,230.3,99.8,100.0,98.7,2.3,ontime_p50,95.0,True,False,feasible,static_v1,0,0.37,0.37,0.975,1
C102,C,100,Gamma2-q1p645,Gamma,TL30_MGLS_V10000,GLS,30,10000,200,42,0.2,0.1,True,10,872.3,350.6,100.0,99.9,99.1,2.3,ontime_p50,95.0,True,False,feasible,static_v1,0,1.84,1.84,0.965,1
C103,C,100,DET,DET,TL30_MGLS_V10000,GLS,30,10000,200,42,0.2,0.1,True,10,926.2,8.0,99.8,100.0,99.0,2.2,ontime_p50,95.0,True,True,feasible,static_v1,0,0.0,0.0,0.9075,1
C103,C,100,Q110,Q,TL30_MGLS_V10000,GLS,30,10000,200,42,0.2,0.1,True,10,933.5,17.2,99.7,99.8,99.2,2.2,ontime_p50,95.0,True,False,feasible,static_v1,0,0.79,0.79,0.9525,1
C103,C,100,Q120,Q,TL30_MGLS_V10000,GLS,30,10000,200,42,0.2,0.1,True,10,927.3,21.2,100.0,100.0,99.3,2.2,ontime_p50,95.0,True,False,feasible,static_v1,0,0.12,0.12,0.9075,1
C103,C,100,Q130,Q,TL30_MGLS_V10000,GLS,30,10000,200,42,0.2,0.1,True,10,946.1,25.5,100.0,99.7,98.9,2.1,ontime_p50,95.0,True,False,feasible,static_v1,0,2.15,2.15,0.935,1
C103,C,100,SAA16-b0p3,SAA,TL30_MGLS_V10000,GLS,30,10000,200,42,0.2,0.1,True,10,961.7,144.8,100.0,100.0,99.2,2.2,ontime_p50,95.0,True,False,feasible,static_v1,0,3.83,3.83,0.9725,1
C103,C,100,SAA32-b0p5,SAA,TL30_MGLS_V10000,GLS,30,10000,200,42,0.2,0.1,True,10,959.6,244.0,100.0,99.9,98.1,2.2,ontime_p50,95.0,True,False,feasible,static_v1,0,3.61,3.61,0.9675,1
C103,C,100,SAA64-b0p7,SAA,TL30_MGLS_V10000,GLS,30,10000,200,42,0.2,0.1,True,11,976.7,446.1,100.0,99.7,98.6,2.4,ontime_p50,95.0,True,False,feasible,static_v1,0,5.45,5.45,0.9925,1
C103,C,100,Gamma1-q1p645,Gamma,TL30_MGLS_V10000,GLS,30,10000,200,42,0.2,0.1,True,10,930.0,206.6,99.8,99.8,98.3,2.0,ontime_p50,95.0,True,False,feasible,static_v1,0,0.41,0.41,0.9975,1
C103,C,100,Gamma2-q1p645,Gamma,TL30_MGLS_V10000,GLS,30,10000,200,42,0.2,0.1,True,10,944.5,318.3,100.0,99.8,99.1,2.3,ontime_p50,95.0,True,False,feasible,static_v1,0,1.98,1.98,0.9875,1
C104,C,100,DET,DET,TL30_MGLS_V10000,GLS,30,10000,200,42,0.2,0.1,True,10,839.1,7.5,99.9,99.7,98.0,2.4,ontime_p50,95.0,True,False,feasible,static_v1,0,0.0,0.83,0.34,0
C104,C,100,Q110,Q,TL30_MGLS_V10000,GLS,30,10000,200,42,0.2,0.1,True,10,842.3,14.8,99.9,99.6,99.0,2.2,ontime_p50,95.0,True,False,feasible,static_v1,0,0.38,1.21,0.9175,1
C104,C,100,Q120,Q,TL30_MGLS_V10000,GLS,30,10000,200,42,0.2,0.1,True,10,832.2,22.9,100.0,99.7,98.5,2.2,ontime_p50,95.0,True,True,feasible,static_v1,0,-0.82,0.0,0.8675,1
C104,C,100,Q130,Q,TL30_MGLS_V10000,GLS,30,10000,200,42,0.2,0.1,True,11,855.2,28.0,100.0,100.0,98.1,2.0,ontime_p50,95.0,True,False,feasible,static_v1,0,1.92,2.76,0.9075,1
C104,C,100,SAA16-b0p3,SAA,TL30_MGLS_V10000,GLS,30,10000,200,42,0.2,0.1,True,10,855.1,150.8,100.0,100.0,99.4,2.3,ontime_p50,95.0,True,False,feasible,static_v1,0,1.91,2.75,0.9675,1
C104,C,100,SAA32-b0p5,SAA,TL30_MGLS_V10000,GLS,30,10000,200,42,0.2,0.1,True,11,876.6,244.6,100.0,100.0,98.8,2.1,ontime_p50,95.0,True,False,feasible,static_v1,0,4.47,5.34,0.9575,1
C104,C,100,SAA64-b0p7,SAA,TL30_MGLS_V10000,GLS,30,10000,200,42,0.2,0.1,True,11,890.8,454.7,100.0,99.8,98.2,2.2,ontime_p50,95.0,True,False,feasible,static_v1,0,6.16,7.04,0.9875,1
C104,C,100,Gamma1-q1p645,Gamma,TL30_MGLS_V10000,GLS,30,10000,200,42,0.2,0.1,True,11,843.8,182.6,99.9,100.0,98.8,2.1,ontime_p50,95.0,True,False,feasible,static_v1,0,0.56,1.39,0.9725,1
C104,C,100,Gamma2-q1p645,Gamma,TL30_MGLS_V10000,GLS,30,10000,200,42,0.2,0.1,True,11,850.4,316.2,100.0,100.0,98.2,2.1,ontime_p50,95.0,True,False,feasible,static_v1,0,1.35,2.19,0.9725,1
C105,C,100,DET,DET,TL30_MGLS_V10000,GLS,30,10000,200,42,0.2,0.1,True,10,873.7,8.4,100.0,100.0,98.1,2.0,ontime_p50,95.0,True,True,feasible,static_v1,0,0.0,0.0,0.9075,1
C105,C,100,Q110,Q,TL30_MGLS_V10000,GLS,30,10000,200,42,0.2,0.1,True,11,885.1,17.5,99.9,99.7,99.0,2.1,ontime_p50,95.0,True,False,feasible,static_v1,0,1.3,1.3,0.88,1
C105,C,100,Q120,Q,TL30_MGLS_V10000,GLS,30,10000,200,42,0.2,0.1,True,10,877.2,21.4,100.0,99.7,97.9,2.2,ontime_p50,95.0,True,False,feasible,static_v1,0,0.4,0.4,0.2825,0
C105,C,100,Q130,Q,TL30_MGLS_V10000,GLS,30,10000,200,42,0.2,0.1,True,11,889.4,27.6,99.7,99.6,98.8,2.3,ontime_p50,95.0,True,False,feasible,static_v1,0,1.8,1.8,0.8325,1
C105,C,100,SAA16-b0p3,SAA,TL30_MGLS_V10000,GLS,30,10000,200,42,0.2,0.1,True,10,898.4,158.0,100.0,99.8,98.8,2.2,ontime_p50,95.0,True,False,feasible,static_v1,0,2.83,2.83,0.955,1
C105,C,100,SAA32-b0p5,SAA,TL30_MGLS_V10000,GLS,30,10000,200,42,0.2,0.1,True,10,917.2,256.2,100.0,100.0,98.3,2.4,ontime_p50,95.0,True,False,feasible,static_v1,0,4.98,4.98,0.93,1
C105,C,100,SAA64-b0p7,SAA,TL30_MGLS_V10000,GLS,30,10000,200,42,0.2,0.1,True,10,913.1,495.2,100.0,99.8,98.9,2.0,ontime_p50,95.0,True,False,feasible,static_v1,0,4.51,4.51,0.9675,1
C105,C,100,Gamma1-q1p645,Gamma,TL30_MGLS_V10000,GLS,30,10000,200,42,0.2,0.1,True,11,876.9,202.8,99.7,99.4,97.8,2.2,ontime_p50,95.0,True,False,feasible,static_v1,0,0.37,0.37,0.365,0
C105,C,100,Gamma2-q1p645,Gamma,TL30_MGLS_V10000,GLS,30,10000,200,42,0.2,0.1,True,10,881.3,342.7,100.0,99.8,99.0,2.2,ontime_p50,95.0,True,False,feasible,static_v1,0,0.87,0.87,0.9075,1
C106,C,100,DET,DET,TL30_MGLS_V10000,GLS,30,10000,200,42,0.2,0.1,True,10,922.8,9.0,99.9,100.0,99.3,2.2,ontime_p50,95.0,True,True,feasible,static_v1,0,0.0,0.0,0.8925,1
C106,C,100,Q110,Q,TL30_MGLS_V10000,GLS,30,10000,200,42,0.2,0.1,True,10,933.5,16.6,99.9,99.6,97.8,2.4,ontime_p50,95.0,True,False,feasible,static_v1,0,1.16,1.16,0.3,0
C106,C,100,Q120,Q,TL30_MGLS_V10000,GLS,30,10000,200,42,0.2,0.1,True,10,931.5,19.5,99.7,99.4,97.7,2.3,ontime_p50,95.0,True,False,feasible,static_v1,0,0.94,0.94,0.2275,0
C106,C,100,Q130,Q,TL30_MGLS_V10000,GLS,30,10000,200,42,0.2,0.1,True,10,941.5,27.4,100.0,100.0,98.3,2.4,ontime_p50,95.0,True,False,feasible,static_v1,0,2.03,2.03,0.81,1
C106,C,100,SAA16-b0p3,SAA,TL30_MGLS_V10000,GLS,30,10000,200,42,0.2,0.1,True,10,957.0,143.6,100.0,100.0,98.8,2.0,ontime_p50,95.0,True,False,feasible,static_v1,0,3.71,3.71,0.96,1
C106,C,100,SAA32-b0p5,SAA,TL30_MGLS_V10000,GLS,30,10000,200,42,0.2,0.1,True,10,942.7,254.8,100.0,100.0,99.0,2.0,ontime_p50,95.0,True,False,feasible,static_v1,0,2.16,2.16,0.9225,1
C106,C,100,SAA64-b0p7,SAA,TL30_MGLS_V10000,GLS,30,10000,200,42,0.2,0.1,True,11,962.6,457.1,100.0,100.0,99.3,2.0,ontime_p50,95.0,True,False,feasible,static_v1,0,4.31,4.31,0.98,1
C106,C,100,Gamma1-q1p645,Gamma,TL30_MGLS_V10000,GLS,30,10000,200,42,0.2,0.1,True,10,929.0,208.7,100.0,99.9,99.0,2.4,ontime_p50,95.0,True,False,feasible,static_v1,0,0.67,0.67,0.9725,1
C106,C,100,Gamma2-q1p645,Gamma,TL30_MGLS_V10000,GLS,30,10000,200,42,0.2,0.1,True,11,931.6,313.6,100.0,100.0,98.1,2.0,ontime_p50,95.0,True,False,feasible,static_v1,0,0.95,0.95,0.96,1
C107,C,100,DET,DET,TL30_MGLS_V10000,GLS,30,10000,200,42,0.2,0.1,True,10,871.4,7.2,99.8,99.6,98.8,2.2,ontime_p50,95.0,True,False,feasible,static_v1,0,0.0,0.89,0.9275,1
C107,C,100,Q110,Q,TL30_MGLS_V10000,GLS,30,10000,200,42,0.2,0.1,True,10,863.7,16.5,100.0,99.9,98.1,2.0,ontime_p50,95.0,True,True,feasible,static_v1,0,-0.88,0.0,0.94,1
C107,C,100,Q120,Q,TL30_MGLS_V10000,GLS,30,10000,200,42,0.2,0.1,True,10,870.1,21.4,100.0,100.0,98.9,2.2,ontime_p50,95.0,True,False,feasible,static_v1,0,-0.15,0.74,0.9225,1
C107,C,100,Q130,Q,TL30_MGLS_V10000,GLS,30,10000,200,42,0.2,0.1,True,10,876.6,28.5,100.0,100.0,99.2,2.2,ontime_p50,95.0,True,False,feasible,static_v1,0,0.6,1.49,0.91,1
C107,C,100,SAA16-b0p3,SAA,TL30_MGLS_V10000,GLS,30,10000,200,42,0.2,0.1,True,10,902.1,170.5,100.0,100.0,98.4,2.2,ontime_p50,95.0,True,False,feasible,static_v1,0,3.52,4.45,0.9625,1
C107,C,100,SAA32-b0p5,SAA,TL30_MGLS_V10000,GLS,30,10000,200,42,0.2,0.1,True,11,905.4,242.1,100.0,100.0,98.7,2.1,ontime_p50,95.0,True,False,feasible,static_v1,0,3.9,4.83,0.97,1
C107,C,100,SAA64-b0p7,SAA,TL30_MGLS_V10000,GLS,30,10000,200,42,0.2,0.1,True,11,939.2,498.2,100.0,100.0,99.1,2.4,ontime_p50,95.0,True,False,feasible,static_v1,0,7.78,8.74,0.995,1
C107,C,100,Gamma1-q1p645,Gamma,TL30_MGLS_V10000,GLS,30,10000,200,42,0.2,0.1,True,11,881.5,192.0,99.9,99.9,99.3,2.3,ontime_p50,95.0,True,False,feasible,static_v1,0,1.16,2.06,0.9925,1
C107,C,100,Gamma2-q1p645,Gamma,TL30_MGLS_V10000,GLS,30,10000,200,42,0.2,0.1,True,10,887.2,315.7,99.8,99.9,99.0,2.3,ontime_p50,95.0,True,False,feasible,static_v1,0,1.81,2.72,0.985,1
C108,C,100,DET,DET,TL30_MGLS_V10000,GLS,30,10000,200,42,0.2,0.1,True,10,884.9,8.7,99.6,99.9,98.0,2.3,ontime_p50,95.0,True,False,feasible,static_v1,0,0.0,0.25,0.2825,0
C108,C,100,Q110,Q,TL30_MGLS_V10000,GLS,30,10000,200,42,0.2,0.1,True,11,898.6,15.4,99.7,99.8,98.3,2.0,ontime_p50,95.0,True,False,feasible,static_v1,0,1.55,1.8,0.895,1
C108,C,100,Q120,Q,TL30_MGLS_V10000,GLS,30,10000,200,42,0.2,0.1,True,11,882.7,21.1,100.0,99.8,98.4,2.4,ontime_p50,95.0,True,True,feasible,static_v1,0,-0.25,0.0,0.8725,1
C108,C,100,Q130,Q,TL30_MGLS_V10000,GLS,30,10000,200,42,0.2,0.1,True,10,916.1,28.4,100.0,99.5,97.9,2.3,ontime_p50,95.0,True,False,feasible,static_v1,0,3.53,3.78,0.33,0
C108,C,100,SAA16-b0p3,SAA,TL30_MGLS_V10000,GLS,30,10000,200,42,0.2,0.1,True,10,899.9,179.0,100.0,100.0,99.2,2.2,ontime_p50,95.0,True,False,feasible,static_v1,0,1.7,1.95,0.945,1
C108,C,100,SAA32-b0p5,SAA,TL30_MGLS_V10000,GLS,30,10000,200,42,0.2,0.1,True,10,903.0,264.1,100.0,99.8,99.1,2.2,ontime_p50,95.0,True,False,feasible,static_v1,0,2.05,2.3,0.9425,1
C108,C,100,SAA64-b0p7,SAA,TL30_MGLS_V10000,GLS,30,10000,200,42,0.2,0.1,True,10,913.3,427.1,100.0,99.4,98.1,2.3,ontime_p50,95.0,True,False,feasible,static_v1,0,3.21,3.47,0.985,1
C108,C,100,Gamma1-q1p645,Gamma,TL30_MGLS_V10000,GLS,30,10000,200,42,0.2,0.1,True,10,887.2,190.4,100.0,99.8,99.1,2.3,ontime_p50,95.0,True,False,feasible,static_v1,0,0.26,0.51,0.9675,1
C108,C,100,Gamma2-q1p645,Gamma,TL30_MGLS_V10000,GLS,30,10000,200,42,0.2,0.1,True,10,894.2,354.5,99.9,99.6,98.5,2.3,ontime_p50,95.0,True,False,feasible,static_v1,0,1.05,1.3,0.9725,1
C109,C,100,DET,DET,TL30_MGLS_V10000,GLS,30,10000,200,42,0.2,0.1,True,10,883.9,8.0,99.8,99.6,98.3,2.4,ontime_p50,95.0,True,False,feasible,static_v1,0,0.0,1.13,0.91,1
C109,C,100,Q110,Q,TL30_MGLS_V10000,GLS,30,10000,200,42,0.2,0.1,True,10,906.5,16.6,99.8,100.0,98.3,2.2,ontime_p50,95.0,True,False,feasible,static_v1,0,2.56,3.72,0.94,1
C109,C,100,Q120,Q,TL30_MGLS_V10000,GLS,30,10000,200,42,0.2,0.1,True,11,874.0,20.9,100.0,100.0,98.7,2.2,ontime_p50,95.0,True,True,feasible,static_v1,0,-1.12,0.0,0.8875,1
C109,C,100,Q130,Q,TL30_MGLS_V10000,GLS,30,10000,200,42,0.2,0.1,True,11,906.3,29.4,100.0,100.0,99.0,2.3,ontime_p50,95.0,True,False,feasible,static_v1,0,2.53,3.7,0.92,1
C109,C,100,SAA16-b0p3,SAA,TL30_MGLS_V10000,GLS,30,10000,200,42,0.2,0.1,True,10,893.1,156.8,99.8,99.3,97.7,2.3,ontime_p50,95.0,True,False,feasible,static_v1,0,1.04,2.19,0.345,0
C109,C,100,SAA32-b0p5,SAA,TL30_MGLS_V10000,GLS,30,10000,200,42,0.2,0.1,True,10,902.8,257.0,100.0,100.0,99.1,2.3,ontime_p50,95.0,True,False,feasible,static_v1,0,2.14,3.3,0.9025,1
C109,C,100,SAA64-b0p7,SAA,TL30_MGLS_V10000,GLS,30,10000,200,42,0.2,0.1,True,10,947.4,485.5,100.0,99.7,98.9,2.4,ontime_p50,95.0,True,False,feasible,static_v1,0,7.18,8.4,0.9375,1
C109,C,100,Gamma1-q1p645,Gamma,TL30_MGLS_V10000,GLS,30,10000,200,42,0.2,0.1,True,10,885.8,182.9,99.9,99.8,98.2,2.4,ontime_p50,95.0,True,False,feasible,static_v1,0,0.21,1.35,0.98,1
C109,C,100,Gamma2-q1p645,Gamma,TL30_MGLS_V10000,GLS,30,10000,200,42,0.2,0.1,True,11,893.6,301.7,100.0,99.9,99.1,2.1,ontime_p50,95.0,True,False,feasible,static_v1,0,1.1,2.24,0.985,1
C201,C,100,DET,DET,TL30_MGLS_V10000,GLS,30,10000,200,42,0.2,0.1,True,10,1047.1,9.0,100.0,100.0,98.6,2.3,ontime_p50,95.0,True,False,feasible,static_v1,0,0.0,0.75,0.88,1
C201,C,100,Q110,Q,TL30_MGLS_V10000,GLS,30,10000,200,42,0.2,0.1,True,11,1066.2,16.9,99.5,99.4,97.7,2.3,ontime_p50,95.0,True,False,feasible,static_v1,0,1.82,2.59,0.195,0
C201,C,100,Q120,Q,TL30_MGLS_V10000,GLS,30,10000,200,42,0.2,0.1,True,10,1039.3,23.9,99.6,99.6,97.7,2.1,ontime_p50,95.0,True,True,feasible,static_v1,0,-0.74,0.0,0.14,0
C201,C,100,Q130,Q,TL30_MGLS_V10000,GLS,30,10000,200,42,0.2,0.1,True,10,1059.1,29.2,99.5,99.6,97.8,2.2,ontime_p50,95.0,True,False,feasible,static_v1,0,1.15,1.91,0.1975,0
C201,C,100,SAA16-b0p3,SAA,TL30_MGLS_V10000,GLS,30,10000,200,42,0.2,0.1,True,10,1082.4,200.8,99.6,99.9,98.1,2.2,ontime_p50,95.0,True,False,feasible,static_v1,0,3.37,4.15,0.9025,1
C201,C,100,SAA32-b0p5,SAA,TL30_MGLS_V10000,GLS,30,10000,200,42,0.2,0.1,True,11,1109.0,272.5,99.8,99.7,98.8,2.3,ontime_p50,95.0,True,False,feasible,static_v1,0,5.91,6.71,0.9075,1
C201,C,100,SAA64-b0p7,SAA,TL30_MGLS_V10000,GLS,30,10000,200,42,0.2,0.1,True,10,1092.8,557.5,100.0,99.8,97.9,2.1,ontime_p50,95.0,True,False,feasible,static_v1,0,4.36,5.15,0.4025,0
C201,C,100,Gamma1-q1p645,Gamma,TL30_MGLS_V10000,GLS,30,10000,200,42,0.2,0.1,True,10,1052.6,243.9,100.0,100.0,99.2,2.2,ontime_p50,95.0,True,False,feasible,static_v1,0,0.53,1.28,0.96,1
C201,C,100,Gamma2-q1p645,Gamma,TL30_MGLS_V10000,GLS,30,10000,200,42,0.2,0.1,True,11,1062.9,393.2,100.0,100.0,98.9,2.3,ontime_p50,95.0,True,False,feasible,static_v1,0,1.51,2.27,0.9575,1
C202,C,100,DET,DET,TL30_MGLS_V10000,GLS,30,10000,200,42,0.2,0.1,True,10,1043.0,8.9,100.0,100.0,98.9,2.1,ontime_p50,95.0,True,False,feasible,static_v1,0,0.0,0.51,0.9175,1
C202,C,100,Q110,Q,TL30_MGLS_V10000,GLS,30,10000,200,42,0.2,0.1,True,10,1046.4,16.9,99.5,99.7,99.1,2.4,ontime_p50,95.0,True,False,feasible,static_v1,0,0.33,0.84,0.935,1
C202,C,100,Q120,Q,TL30_MGLS_V10000,GLS,30,10000,200,42,0.2,0.1,True,10,1037.7,26.4,100.0,100.0,99.4,2.3,ontime_p50,95.0,True,True,feasible,static_v1,0,-0.51,0.0,0.9075,1
C202,C,100,Q130,Q,TL30_MGLS_V10000,GLS,30,10000,200,42,0.2,0.1,True,10,1059.8,28.4,99.9,100.0,98.5,2.1,ontime_p50,95.0,True,False,feasible,static_v1,0,1.61,2.13,0.9425,1
C202,C,100,SAA16-b0p3,SAA,TL30_MGLS_V10000,GLS,30,10000,200,42,0.2,0.1,True,10,1068.7,200.9,99.9,99.6,97.8,2.3,ontime_p50,95.0,True,False,feasible,static_v1,0,2.46,2.99,0.3425,0
C202,C,100,SAA32-b0p5,SAA,TL30_MGLS_V10000,GLS,30,10000,200,42,0.2,0.1,True,10,1097.9,289.8,100.0,100.0,98.6,2.2,ontime_p50,95.0,True,False,feasible,static_v1,0,5.26,5.8,0.8925,1
C202,C,100,SAA64-b0p7,SAA,TL30_MGLS_V10000,GLS,30,10000,200,42,0.2,0.1,True,10,1082.7,565.4,100.0,99.6,98.3,2.2,ontime_p50,95.0,True,False,feasible,static_v1,0,3.81,4.34,0.94,1
C202,C,100,Gamma1-q1p645,Gamma,TL30_MGLS_V10000,GLS,30,10000,200,42,0.2,0.1,True,10,1053.2,249.8,99.4,99.5,98.4,2.3,ontime_p50,95.0,True,False,feasible,static_v1,0,0.98,1.49,0.9625,1
C202,C,100,Gamma2-q1p645,Gamma,TL30_MGLS_V10000,GLS,30,10000,200,42,0.2,0.1,True,10,1055.0,316.9,100.0,99.3,98.7,2.3,ontime_p50,95.0,True,False,feasible,static_v1,0,1.15,1.67,0.98,1
C203,C,100,DET,DET,TL30_MGLS_V10000,GLS,30,10000,200,42,0.2,0.1,True,10,1045.7,8.7,99.3,99.7,98.1,2.2,ontime_p50,95.0,True,False,feasible,static_v1,0,0.0,0.17,0.9075,1
C203,C,100,Q110,Q,TL30_MGLS_V10000,GLS,30,10000,200,42,0.2,0.1,True,10,1046.5,19.5,99.8,99.7,98.7,2.2,ontime_p50,95.0,True,False,feasible,static_v1,0,0.08,0.25,0.885,1
C203,C,100,Q120,Q,TL30_MGLS_V10000,GLS,30,10000,200,42,0.2,0.1,True,11,1043.9,24.7,99.3,99.2,98.6,2.4,ontime_p50,95.0,True,True,feasible,static_v1,0,-0.17,0.0,0.8675,1
C203,C,100,Q130,Q,TL30_MGLS_V10000,GLS,30,10000,200,42,0.2,0.1,True,10,1066.0,28.8,99.4,99.3,98.0,2.2,ontime_p50,95.0,True,False,feasible,static_v1,0,1.94,2.12,0.315,0
C203,C,100,SAA16-b0p3,SAA,TL30_MGLS_V10000,GLS,30,10000,200,42,0.2,0.1,True,10,1066.0,167.8,100.0,99.8,99.1,2.3,ontime_p50,95.0,True,False,feasible,static_v1,0,1.94,2.12,0.9125,1
C203,C,100,SAA32-b0p5,SAA,TL30_MGLS_V10000,GLS,30,10000,200,42,0.2,0.1,True,10,1104.1,300.6,100.0,99.6,97.7,2.3,ontime_p50,95.0,True,False,feasible,static_v1,0,5.58,5.77,0.33,0
C203,C,100,SAA64-b0p7,SAA,TL30_MGLS_V10000,GLS,30,10000,200,42,0.2,0.1,True,10,1081.8,559.3,100.0,100.0,98.5,2.1,ontime_p50,95.0,True,False,feasible,static_v1,0,3.45,3.63,0.93,1
C203,C,100,Gamma1-q1p645,Gamma,TL30_MGLS_V10000,GLS,30,10000,200,42,0.2,0.1,True,10,1057.1,221.5,99.9,99.8,98.4,2.4,ontime_p50,95.0,True,False,feasible,static_v1,0,1.09,1.26,0.9825,1
C203,C,100,Gamma2-q1p645,Gamma,TL30_MGLS_V10000,GLS,30,10000,200,42,0.2,0.1,True,10,1058.3,323.7,99.8,99.9,98.2,2.4,ontime_p50,95.0,True,False,feasible,static_v1,0,1.2,1.38,0.9775,1
C204,C,100,DET,DET,TL30_MGLS_V10000,GLS,30,10000,200,42,0.2,0.1,True,10,1030.0,9.9,99.0,98.5,97.0,2.3,ontime_p50,95.0,True,False,feasible,static_v1,0,0.0,0.87,0.2525,0
C204,C,100,Q110,Q,TL30_MGLS_V10000,GLS,30,10000,200,42,0.2,0.1,True,10,1024.9,19.1,100.0,100.0,98.2,2.4,ontime_p50,95.0,True,False,feasible,static_v1,0,-0.5,0.37,0.8625,1
C204,C,100,Q120,Q,TL30_MGLS_V10000,GLS,30,10000,200,42,0.2,0.1,True,11,1021.1,24.7,99.6,99.8,99.0,2.4,ontime_p50,95.0,True,True,feasible,static_v1,0,-0.86,0.0,0.845,1
C204,C,100,Q130,Q,TL30_MGLS_V10000,GLS,30,10000,200,42,0.2,0.1,True,11,1043.0,26.6,99.9,99.8,97.9,2.3,ontime_p50,95.0,True,False,feasible,static_v1,0,1.26,2.14,0.3075,0
C204,C,100,SAA16-b0p3,SAA,TL30_MGLS_V10000,GLS,30,10000,200,42,0.2,0.1,True,10,1045.3,164.8,100.0,99.9,99.0,2.3,ontime_p50,95.0,True,False,feasible,static_v1,0,1.49,2.37,0.8725,1
C204,C,100,SAA32-b0p5,SAA,TL30_MGLS_V10000,GLS,30,10000,200,42,0.2,0.1,True,10,1083.5,284.7,100.0,99.7,97.8,2.3,ontime_p50,95.0,True,False,feasible,static_v1,0,5.19,6.11,0.3325,0
C204,C,100,SAA64-b0p7,SAA,TL30_MGLS_V10000,GLS,30,10000,200,42,0.2,0.1,True,10,1110.6,560.2,100.0,100.0,99.3,2.3,ontime_p50,95.0,True,False,feasible,static_v1,0,7.83,8.77,0.9425,1
C204,C,100,Gamma1-q1p645,Gamma,TL30_MGLS_V10000,GLS,30,10000,200,42,0.2,0.1,True,11,1040.6,252.7,99.7,100.0,98.4,2.1,ontime_p50,95.0,True,False,feasible,static_v1,0,1.03,1.91,0.945,1
C204,C,100,Gamma2-q1p645,Gamma,TL30_MGLS_V10000,GLS,30,10000,200,42,0.2,0.1,True,10,1044.5,395.9,100.0,100.0,99.2,2.3,ontime_p50,95.0,True,False,feasible,static_v1,0,1.41,2.29,0.9475,1
C205,C,100,DET,DET,TL30_MGLS_V10000,GLS,30,10000,200,42,0.2,0.1,True,10,950.2,8.5,99.4,99.9,98.4,2.3,ontime_p50,95.0,True,False,feasible,static_v1,0,0.0,0.88,0.9175,1
C205,C,100,Q110,Q,TL30_MGLS_V10000,GLS,30,10000,200,42,0.2,0.1,True,10,974.5,17.6,99.8,100.0,99.3,2.2,ontime_p50,95.0,True,False,feasible,static_v1,0,2.56,3.46,0.8775,1
C205,C,100,Q120,Q,TL30_MGLS_V10000,GLS,30,10000,200,42,0.2,0.1,True,10,941.9,25.6,99.3,99.4,98.0,2.2,ontime_p50,95.0,True,True,feasible,static_v1,0,-0.87,0.0,0.245,0
C205,C,100,Q130,Q,TL30_MGLS_V10000,GLS,30,10000,200,42,0.2,0.1,True,10,978.4,29.3,100.0,100.0,99.4,2.3,ontime_p50,95.0,True,False,feasible,static_v1,0,2.97,3.88,0.86,1
C205,C,100,SAA16-b0p3,SAA,TL30_MGLS_V10000,GLS,30,10000,200,42,0.2,0.1,True,10,964.5,174.3,99.7,99.5,98.4,2.2,ontime_p50,95.0,True,False,feasible,static_v1,0,1.5,2.4,0.96,1
C205,C,100,SAA32-b0p5,SAA,TL30_MGLS_V10000,GLS,30,10000,200,42,0.2,0.1,True,10,1006.5,276.8,99.6,100.0,98.2,2.0,ontime_p50,95.0,True,False,feasible,static_v1,0,5.93,6.86,0.9425,1
C205,C,100,SAA64-b0p7,SAA,TL30_MGLS_V10000,GLS,30,10000,200,42,0.2,0.1,True,10,1013.1,529.3,100.0,99.8,98.8,2.3,ontime_p50,95.0,True,False,feasible,static_v1,0,6.62,7.56,0.9925,1
C205,C,100,Gamma1-q1p645,Gamma,TL30_MGLS_V10000,GLS,30,10000,200,42,0.2,0.1,True,10,958.0,220.6,99.9,99.9,98.4,2.2,ontime_p50,95.0,True,False,feasible,static_v1,0,0.82,1.71,0.985,1
C205,C,100,Gamma2-q1p645,Gamma,TL30_MGLS_V10000,GLS,30,10000,200,42,0.2,0.1,True,10,959.2,365.5,100.0,100.0,98.3,2.1,ontime_p50,95.0,True,False,feasible,static_v1,0,0.95,1.84,0.9825,1
C206,C,100,DET,DET,TL30_MGLS_V10000,GLS,30,10000,200,42,0.2,0.1,True,10,989.0,8.2,99.7,99.5,97.7,2.1,ontime_p50,95.0,True,False,feasible,static_v1,0,0.0,0.23,0.32,0
C206,C,100,Q110,Q,TL30_MGLS_V10000,GLS,30,10000,200,42,0.2,0.1,True,10,1000.8,17.7,99.8,99.7,99.1,2.3,ontime_p50,95.0,True,False,feasible,static_v1,0,1.19,1.43,0.9225,1
C206,C,100,Q120,Q,TL30_MGLS_V10000,GLS,30,10000,200,42,0.2,0.1,True,10,986.7,24.1,99.5,99.3,98.3,2.3,ontime_p50,95.0,True,True,feasible,static_v1,0,-0.23,0.0,0.905,1
C206,C,100,Q130,Q,TL30_MGLS_V10000,GLS,30,10000,200,42,0.2,0.1,True,11,1000.3,29.7,100.0,99.9,98.5,2.3,ontime_p50,95.0,True,False,feasible,static_v1,0,1.14,1.38,0.9125,1
C206,C,100,SAA16-b0p3,SAA,TL30_MGLS_V10000,GLS,30,10000,200,42,0.2,0.1,True,10,1016.6,188.5,100.0,100.0,98.7,2.2,ontime_p50,95.0,True,False,feasible,static_v1,0,2.79,3.03,0.965,1
C206,C,100,SAA32-b0p5,SAA,TL30_MGLS_V10000,GLS,30,10000,200,42,0.2,0.1,True,10,1031.1,254.8,100.0,99.8,98.3,2.1,ontime_p50,95.0,True,False,feasible,static_v1,0,4.26,4.5,0.93,1
C206,C,100,SAA64-b0p7,SAA,TL30_MGLS_V10000,GLS,30,10000,200,42,0.2,0.1,True,10,1049.3,496.1,100.0,99.7,99.0,2.3,ontime_p50,95.0,True,False,feasible,static_v1,0,6.1,6.34,0.9875,1
C206,C,100,Gamma1-q1p645,Gamma,TL30_MGLS_V10000,GLS,30,10000,200,42,0.2,0.1,True,11,992.7,237.2,100.0,100.0,98.7,2.4,ontime_p50,95.0,True,False,feasible,static_v1,0,0.37,0.61,0.9625,1
C206,C,100,Gamma2-q1p645,Gamma,TL30_MGLS_V10000,GLS,30,10000,200,42,0.2,0.1,True,10,997.8,399.8,100.0,100.0,99.4,2.2,ontime_p50,95.0,True,False,feasible,static_v1,0,0.89,1.12,0.9475,1
C207,C,100,DET,DET,TL30_MGLS_V10000,GLS,30,10000,200,42,0.2,0.1,True,10,992.0,10.0,99.4,99.5,98.7,2.3,ontime_p50,95.0,True,False,feasible,static_v1,0,0.0,0.9,0.875,1
C207,C,100,Q110,Q,TL30_MGLS_V10000,GLS,30,10000,200,42,0.2,0.1,True,10,1006.2,17.0,99.8,99.3,97.6,2.2,ontime_p50,95.0,True,False,feasible,static_v1,0,1.43,2.34,0.285,0
C207,C,100,Q120,Q,TL30_MGLS_V10000,GLS,30,10000,200,42,0.2,0.1,True,10,983.2,21.5,99.7,99.8,98.7,2.0,ontime_p50,95.0,True,True,feasible,static_v1,0,-0.89,0.0,0.8175,1
C207,C,100,Q130,Q,TL30_MGLS_V10000,GLS,30,10000,200,42,0.2,0.1,True,10,1006.1,28.7,99.9,99.5,98.1,2.2,ontime_p50,95.0,True,False,feasible,static_v1,0,1.42,2.33,0.825,1
C207,C,100,SAA16-b0p3,SAA,TL30_MGLS_V10000,GLS,30,10000,200,42,0.2,0.1,True,11,1026.2,191.4,99.7,99.6,98.8,2.2,ontime_p50,95.0,True,False,feasible,static_v1,0,3.45,4.37,0.855,1
C207,C,100,SAA32-b0p5,SAA,TL30_MGLS_V10000,GLS,30,10000,200,42,0.2,0.1,True,10,1019.3,278.5,100.0,99.8,97.8,2.2,ontime_p50,95.0,True,False,feasible,static_v1,0,2.75,3.67,0.35,0
C207,C,100,SAA64-b0p7,SAA,TL30_MGLS_V10000,GLS,30,10000,200,42,0.2,0.1,True,10,1038.7,538.6,100.0,100.0,98.2,2.4,ontime_p50,95.0,True,False,feasible,static_v1,0,4.71,5.64,0.9025,1
C207,C,100,Gamma1-q1p645,Gamma,TL30_MGLS_V10000,GLS,30,10000,200,42,0.2,0.1,True,10,996.8,218.2,99.9,100.0,98.9,2.1,ontime_p50,95.0,True,False,feasible,static_v1,0,0.48,1.38,0.8675,1
C207,C,100,Gamma2-q1p645,Gamma,TL30_MGLS_V10000,GLS,30,10000,200,42,0.2,0.1,True,10,1009.4,400.5,100.0,99.8,97.9,2.0,ontime_p50,95.0,True,False,feasible,static_v1,0,1.75,2.66,0.3425,0
C208,C,100,DET,DET,TL30_MGLS_V10000,GLS,30,10000,200,42,0.2,0.1,True,10,952.9,8.9,99.6,99.9,98.3,2.2,ontime_p50,95.0,True,False,feasible,static_v1,0,0.0,0.01,0.9,1
C208,C,100,Q110,Q,TL30_MGLS_V10000,GLS,30,10000,200,42,0.2,0.1,True,10,977.2,17.5,99.1,99.0,97.0,2.5,ontime_p50,95.0,True,False,feasible,static_v1,0,2.55,2.56,0.27,0
C208,C,100,Q120,Q,TL30_MGLS_V10000,GLS,30,10000,200,42,0.2,0.1,True,11,952.8,23.9,99.5,99.1,97.5,2.4,ontime_p50,95.0,True,True,feasible,static_v1,0,-0.01,0.0,0.235,0
C208,C,100,Q130,Q,TL30_MGLS_V10000,GLS,30,10000,200,42,0.2,0.1,True,10,969.6,28.1,100.0,99.4,98.6,2.4,ontime_p50,95.0,True,False,feasible,static_v1,0,1.75,1.76,0.805,1
C208,C,100,SAA16-b0p3,SAA,TL30_MGLS_V10000,GLS,30,10000,200,42,0.2,0.1,True,11,990.9,172.0,99.9,100.0,98.2,2.2,ontime_p50,95.0,True,False,feasible,static_v1,0,3.99,4.0,0.9525,1
C208,C,100,SAA32-b0p5,SAA,TL30_MGLS_V10000,GLS,30,10000,200,42,0.2,0.1,True,10,981.3,311.1,99.7,99.9,98.3,2.3,ontime_p50,95.0,True,False,feasible,static_v1,0,2.98,2.99,0.94,1
C208,C,100,SAA64-b0p7,SAA,TL30_MGLS_V10000,GLS,30,10000,200,42,0.2,0.1,True,11,988.9,520.1,100.0,99.9,98.2,2.2,ontime_p50,95.0,True,False,feasible,static_v1,0,3.78,3.79,0.9875,1
C208,C,100,Gamma1-q1p645,Gamma,TL30_MGLS_V10000,GLS,30,10000,200,42,0.2,0.1,True,11,957.9,232.3,99.8,99.8,98.6,2.4,ontime_p50,95.0,True,False,feasible,static_v1,0,0.52,0.54,0.9625,1
C208,C,100,Gamma2-q1p645,Gamma,TL30_MGLS_V10000,GLS,30,10000,200,42,0.2,0.1,True,10,964.7,393.0,99.9,99.9,98.4,2.4,ontime_p50,95.0,True,False,feasible,static_v1,0,1.24,1.25,0.9725,1
R101,R,100,DET,DET,TL30_MGLS_V10000,GLS,30,10000,200,42,0.2,0.1,True,16,1647.3,9.8,97.4,97.2,96.4,2.4,ontime_p50,95.0,True,False,feasible,static_v1,0,0.0,2.04,0.1075,0
R101,R,100,Q110,Q,TL30_MGLS_V10000,GLS,30,10000,200,42,0.2,0.1,True,16,1614.3,22.2,98.1,98.4,97.7,2.4,ontime_p50,95.0,True,True,feasible,static_v1,0,-2.0,0.0,0.0675,0
R101,R,100,Q120,Q,TL30_MGLS_V10000,GLS,30,10000,200,42,0.2,0.1,True,16,1616.9,26.5,99.3,99.2,97.7,2.3,ontime_p50,95.0,True,False,feasible,static_v1,0,-1.85,0.16,0.0375,0
R101,R,100,Q130,Q,TL30_MGLS_V10000,GLS,30,10000,200,42,0.2,0.1,True,16,1681.3,34.5,98.3,98.2,96.3,2.6,ontime_p50,95.0,True,False,feasible,static_v1,0,2.06,4.15,0.0825,0
R101,R,100,SAA16-b0p3,SAA,TL30_MGLS_V10000,GLS,30,10000,200,42,0.2,0.1,True,16,1700.6,229.8,99.6,99.4,97.8,2.1,ontime_p50,95.0,True,False,feasible,static_v1,0,3.24,5.35,0.205,0
R101,R,100,SAA32-b0p5,SAA,TL30_MGLS_V10000,GLS,30,10000,200,42,0.2,0.1,True,16,1746.1,318.4,99.7,99.7,98.1,2.3,ontime_p50,95.0,True,False,feasible,static_v1,0,6.0,8.16,0.795,1
R101,R,100,SAA64-b0p7,SAA,TL30_MGLS_V10000,GLS,30,10000,200,42,0.2,0.1,True,17,1706.5,625.5,99.9,100.0,98.2,2.3,ontime_p50,95.0,True,False,feasible,static_v1,0,3.59,5.71,0.9225,1
R101,R,100,Gamma1-q1p645,Gamma,TL30_MGLS_V10000,GLS,30,10000,200,42,0.2,0.1,True,16,1662.6,274.8,98.9,98.9,98.1,2.2,ontime_p50,95.0,True,False,feasible,static_v1,0,0.93,2.99,0.7025,1
R101,R,100,Gamma2-q1p645,Gamma,TL30_MGLS_V10000,GLS,30,10000,200,42,0.2,0.1,True,16,1672.2,421.7,99.4,99.6,97.7,2.2,ontime_p50,95.0,True,False,feasible,static_v1,0,1.51,3.59,0.25,0
R102,R,100,DET,DET,TL30_MGLS_V10000,GLS,30,10000,200,42,0.2,0.1,True,15,1754.5,11.3,97.8,97.8,96.6,2.5,ontime_p50,95.0,True,True,feasible,static_v1,0,0.0,0.0,0.1475,0
R102,R,100,Q110,Q,TL30_MGLS_V10000,GLS,30,10000,200,42,0.2,0.1,True,16,1768.3,23.2,99.8,100.0,98.8,2.2,ontime_p50,95.0,True,False,feasible,static_v1,0,0.79,0.79,0.685,1
R102,R,100,Q120,Q,TL30_MGLS_V10000,GLS,30,10000,200,42,0.2,0.1,True,15,1788.2,28.4,97.7,97.7,96.2,2.4,ontime_p50,95.0,True,False,feasible,static_v1,0,1.92,1.92,0.105,0
R102,R,100,Q130,Q,TL30_MGLS_V10000,GLS,30,10000,200,42,0.2,0.1,True,15,1770.7,38.4,98.0,97.8,97.3,2.2,ontime_p50,95.0,True,False,feasible,static_v1,0,0.92,0.92,0.145,0
R102,R,100,SAA16-b0p3,SAA,TL30_MGLS_V10000,GLS,30,10000,200,42,0.2,0.1,True,15,1772.9,204.1,98.6,98.6,97.0,2.4,ontime_p50,95.0,True,False,feasible,static_v1,0,1.05,1.05,0.2175,0
R102,R,100,SAA32-b0p5,SAA,TL30_MGLS_V10000,GLS,30,10000,200,42,0.2,0.1,True,15,1816.4,352.0,100.0,100.0,98.3,2.1,ontime_p50,95.0,True,False,feasible,static_v1,0,3.53,3.53,0.8425,1
R102,R,100,SAA64-b0p7,SAA,TL30_MGLS_V10000,GLS,30,10000,200,42,0.2,0.1,True,15,1841.9,569.3,99.4,99.2,98.1,2.5,ontime_p50,95.0,True,False,feasible,static_v1,0,4.98,4.98,0.935,1
R102,R,100,Gamma1-q1p645,Gamma,TL30_MGLS_V10000,GLS,30,10000,200,42,0.2,0.1,True,15,1758.4,280.9,99.6,99.8,98.7,2.2,ontime_p50,95.0,True,False,feasible,static_v1,0,0.22,0.22,0.78,1
R102,R,100,Gamma2-q1p645,Gamma,TL30_MGLS_V10000,GLS,30,10000,200,42,0.2,0.1,True,16,1769.7,395.1,98.9,98.9,98.2,2.4,ontime_p50,95.0,True,False,feasible,static_v1,0,0.87,0.87,0.865,1
R103,R,100,DET,DET,TL30_MGLS_V10000,GLS,30,10000,200,42,0.2,0.1,True,11,1238.9,12.0,98.8,99.4,98.6,2.3,ontime_p50,95.0,True,False,feasible,static_v1,0,0.0,0.45,0.7325,1
R103,R,100,Q110,Q,TL30_MGLS_V10000,GLS,30,10000,200,42,0.2,0.1,True,11,1242.2,23.9,99.0,99.2,97.8,2.1,ontime_p50,95.0,True,False,feasible,static_v1,0,0.27,0.72,0.0525,0
R103,R,100,Q120,Q,TL30_MGLS_V10000,GLS,30,10000,200,42,0.2,0.1,True,12,1233.3,27.7,98.0,98.2,97.7,2.3,ontime_p50,95.0,True,True,feasible,static_v1,0,-0.45,0.0,0.05,0
R103,R,100,Q130,Q,TL30_MGLS_V10000,GLS,30,10000,200,42,0.2,0.1,True,12,1249.7,35.9,100.0,99.7,97.8,2.3,ontime_p50,95.0,True,False,feasible,static_v1,0,0.87,1.33,0.1125,0
R103,R,100,SAA16-b0p3,SAA,TL30_MGLS_V10000,GLS,30,10000,200,42,0.2,0.1,True,11,1259.9,209.3,98.6,98.5,97.8,2.3,ontime_p50,95.0,True,False,feasible,static_v1,0,1.7,2.16,0.225,0
R103,R,100,SAA32-b0p5,SAA,TL30_MGLS_V10000,GLS,30,10000,200,42,0.2,0.1,True,11,1268.7,359.9,100.0,100.0,98.6,2.0,ontime_p50,95.0,True,False,feasible,static_v1,0,2.41,2.87,0.8575,1
R103,R,100,SAA64-b0p7,SAA,TL30_MGLS_V10000,GLS,30,10000,200,42,0.2,0.1,True,12,1334.3,692.4,100.0,99.9,98.4,2.4,ontime_p50,95.0,True,False,feasible,static_v1,0,7.7,8.19,0.9475,1
R103,R,100,Gamma1-q1p645,Gamma,TL30_MGLS_V10000,GLS,30,10000,200,42,0.2,0.1,True,11,1244.3,257.7,98.0,98.1,96.6,2.3,ontime_p50,95.0,True,False,feasible,static_v1,0,0.44,0.89,0.195,0
R103,R,100,Gamma2-q1p645,Gamma,TL30_MGLS_V10000,GLS,30,10000,200,42,0.2,0.1,True,11,1262.9,468.3,100.0,100.0,98.1,2.3,ontime_p50,95.0,True,False,feasible,static_v1,0,1.94,2.4,0.7975,1
R104,R,100,DET,DET,TL30_MGLS_V10000,GLS,30,10000,200,42,0.2,0.1,True,19,1259.2,11.1,98.1,97.8,96.0,2.3,ontime_p50,95.0,True,True,feasible,static_v1,0,0.0,0.0,0.1525,0
R104,R,100,Q110,Q,TL30_MGLS_V10000,GLS,30,10000,200,42,0.2,0.1,True,19,1265.1,23.6,98.0,98.2,97.2,2.6,ontime_p50,95.0,True,False,feasible,static_v1,0,0.47,0.47,0.0575,0
R104,R,100,Q120,Q,TL30_MGLS_V10000,GLS,30,10000,200,42,0.2,0.1,True,20,1271.0,27.1,98.3,98.1,96.8,2.4,ontime_p50,95.0,True,False,feasible,static_v1,0,0.94,0.94,0.0375,0
R104,R,100,Q130,Q,TL30_MGLS_V10000,GLS,30,10000,200,42,0.2,0.1,True,19,1271.9,32.5,98.2,98.5,97.0,2.4,ontime_p50,95.0,True,False,feasible,static_v1,0,1.01,1.01,0.1025,0
R104,R,100,SAA16-b0p3,SAA,TL30_MGLS_V10000,GLS,30,10000,200,42,0.2,0.1,True,19,1294.1,209.0,100.0,99.4,98.7,2.4,ontime_p50,95.0,True,False,feasible,static_v1,0,2.77,2.77,0.7525,1
R104,R,100,SAA32-b0p5,SAA,TL30_MGLS_V10000,GLS,30,10000,200,42,0.2,0.1,True,19,1295.6,355.3,98.5,99.0,97.5,2.4,ontime_p50,95.0,True,False,feasible,static_v1,0,2.89,2.89,0.305,0
R104,R,100,SAA64-b0p7,SAA,TL30_MGLS_V10000,GLS,30,10000,200,42,0.2,0.1,True,19,1348.4,572.7,100.0,100.0,99.3,2.3,ontime_p50,95.0,True,False,feasible,static_v1,0,7.08,7.08,0.93,1
R104,R,100,Gamma1-q1p645,Gamma,TL30_MGLS_V10000,GLS,30,10000,200,42,0.2,0.1,True,19,1271.5,271.2,97.6,97.3,95.7,2.4,ontime_p50,95.0,True,False,feasible,static_v1,0,0.98,0.98,0.1625,0
R104,R,100,Gamma2-q1p645,Gamma,TL30_MGLS_V10000,GLS,30,10000,200,42,0.2,0.1,True,20,1278.3,458.3,99.9,99.8,99.2,2.0,ontime_p50,95.0,True,False,feasible,static_v1,0,1.52,1.52,0.7475,1
R105,R,100,DET,DET,TL30_MGLS_V10000,GLS,30,10000,200,42,0.2,0.1,True,19,1684.0,9.8,98.7,98.6,97.6,2.3,ontime_p50,95.0,True,False,feasible,static_v1,0,0.0,0.07,0.12,0
R105,R,100,Q110,Q,TL30_MGLS_V10000,GLS,30,10000,200,42,0.2,0.1,True,19,1682.8,19.5,99.2,98.8,97.3,2.1,ontime_p50,95.0,True,True,feasible,static_v1,0,-0.07,0.0,0.065,0
R105,R,100,Q120,Q,TL30_MGLS_V10000,GLS,30,10000,200,42,0.2,0.1,True,20,1682.9,27.1,99.2,99.0,97.3,2.4,ontime_p50,95.0,True,False,feasible,static_v1,0,-0.07,0.01,0.04,0
R105,R,100,Q130,Q,TL30_MGLS_V10000,GLS,30,10000,200,42,0.2,0.1,True,19,1700.0,34.8,98.9,98.8,97.0,2.2,ontime_p50,95.0,True,False,feasible,static_v1,0,0.95,1.02,0.1,0
R105,R,100,SAA16-b0p3,SAA,TL30_MGLS_V10000,GLS,30,10000,200,42,0.2,0.1,True,19,1729.9,231.8,98.6,98.9,97.4,2.2,ontime_p50,95.0,True,False,feasible,static_v1,0,2.73,2.8,0.22,0
R105,R,100,SAA32-b0p5,SAA,TL30_MGLS_V10000,GLS,30,10000,200,42,0.2,0.1,True,19,1776.4,297.8,100.0,99.9,98.2,2.2,ontime_p50,95.0,True,False,feasible,static_v1,0,5.49,5.56,0.795,1
R105,R,100,SAA64-b0p7,SAA,TL30_MGLS_V10000,GLS,30,10000,200,42,0.2,0.1,True,19,1792.9,615.3,98.8,98.3,96.9,2.3,ontime_p50,95.0,True,False,feasible,static_v1,0,6.47,6.54,0.31,0
R105,R,100,Gamma1-q1p645,Gamma,TL30_MGLS_V10000,GLS,30,10000,200,42,0.2,0.1,True,19,1693.9,263.2,97.9,97.6,96.2,2.4,ontime_p50,95.0,True,False,feasible,static_v1,0,0.59,0.66,0.1475,0
R105,R,100,Gamma2-q1p645,Gamma,TL30_MGLS_V10000,GLS,30,10000,200,42,0.2,0.1,True,19,1710.0,425.7,100.0,100.0,98.7,2.2,ontime_p50,95.0,True,False,feasible,static_v1,0,1.54,1.62,0.77,1
R106,R,100,DET,DET,TL30_MGLS_V10000,GLS,30,10000,200,42,0.2,0.1,True,12,1381.8,9.6,99.5,99.7,99.1,2.1,ontime_p50,95.0,True,True,feasible,static_v1,0,0.0,0.0,0.7225,1
R106,R,100,Q110,Q,TL30_MGLS_V10000,GLS,30,10000,200,42,0.2,0.1,True,12,1407.9,19.7,98.0,97.7,97.0,2.6,ontime_p50,95.0,True,False,feasible,static_v1,0,1.89,1.89,0.105,0
R106,R,100,Q120,Q,TL30_MGLS_V10000,GLS,30,10000,200,42,0.2,0.1,True,12,1390.3,30.6,98.8,99.1,98.4,2.2,ontime_p50,95.0,True,False,feasible,static_v1,0,0.62,0.62,0.7125,1
R106,R,100,Q130,Q,TL30_MGLS_V10000,GLS,30,10000,200,42,0.2,0.1,True,12,1397.6,33.5,98.4,98.1,96.4,2.3,ontime_p50,95.0,True,False,feasible,static_v1,0,1.14,1.14,0.155,0
R106,R,100,SAA16-b0p3,SAA,TL30_MGLS_V10000,GLS,30,10000,200,42,0.2,0.1,True,12,1407.0,203.1,98.7,98.5,97.9,2.2,ontime_p50,95.0,True,False,feasible,static_v1,0,1.82,1.82,0.215,0
R106,R,100,SAA32-b0p5,SAA,TL30_MGLS_V10000,GLS,30,10000,200,42,0.2,0.1,True,12,1429.0,302.4,100.0,100.0,99.3,2.1,ontime_p50,95.0,True,False,feasible,static_v1,0,3.42,3.42,0.8475,1
R106,R,100,SAA64-b0p7,SAA,TL30_MGLS_V10000,GLS,30,10000,200,42,0.2,0.1,True,12,1448.9,616.4,100.0,99.8,98.8,2.4,ontime_p50,95.0,True,False,feasible,static_v1,0,4.86,4.86,0.94,1
R106,R,100,Gamma1-q1p645,Gamma,TL30_MGLS_V10000,GLS,30,10000,200,42,0.2,0.1,True,12,1387.0,260.6,97.4,97.6,96.5,2.3,ontime_p50,95.0,True,False,feasible,static_v1,0,0.38,0.38,0.1925,0
R106,R,100,Gamma2-q1p645,Gamma,TL30_MGLS_V10000,GLS,30,10000,200,42,0.2,0.1,True,12,1394.9,404.5,100.0,99.8,99.3,2.3,ontime_p50,95.0,True,False,feasible,static_v1,0,0.95,0.95,0.8175,1
R107,R,100,DET,DET,TL30_MGLS_V10000,GLS,30,10000,200,42,0.2,0.1,True,17,1484.9,11.5,99.0,99.0,97.0,2.1,ontime_p50,95.0,True,False,feasible,static_v1,0,0.0,0.06,0.1375,0
R107,R,100,Q110,Q,TL30_MGLS_V10000,GLS,30,10000,200,42,0.2,0.1,True,17,1518.2,21.0,98.2,98.3,96.9,2.5,ontime_p50,95.0,True,False,feasible,static_v1,0,2.24,2.3,0.09,0
R107,R,100,Q120,Q,TL30_MGLS_V10000,GLS,30,10000,200,42,0.2,0.1,True,17,1493.6,26.0,99.3,99.3,98.7,2.4,ontime_p50,95.0,True,False,feasible,static_v1,0,0.59,0.65,0.6475,1
R107,R,100,Q130,Q,TL30_MGLS_V10000,GLS,30,10000,200,42,0.2,0.1,True,17,1484.0,40.2,99.0,99.2,97.7,2.3,ontime_p50,95.0,True,True,feasible,static_v1,0,-0.06,0.0,0.1675,0
R107,R,100,SAA16-b0p3,SAA,TL30_MGLS_V10000,GLS,30,10000,200,42,0.2,0.1,True,17,1527.5,211.0,98.6,98.4,97.8,2.5,ontime_p50,95.0,True,False,feasible,static_v1,0,2.87,2.93,0.22,0
R107,R,100,SAA32-b0p5,SAA,TL30_MGLS_V10000,GLS,30,10000,200,42,0.2,0.1,True,17,1546.6,339.0,99.5,99.6,98.2,2.2,ontime_p50,95.0,True,False,feasible,static_v1,0,4.16,4.22,0.8425,1
R107,R,100,SAA64-b0p7,SAA,TL30_MGLS_V10000,GLS,30,10000,200,42,0.2,0.1,True,18,1544.3,574.7,99.0,99.4,98.5,2.2,ontime_p50,95.0,True,False,feasible,static_v1,0,4.0,4.06,0.955,1
R107,R,100,Gamma1-q1p645,Gamma,TL30_MGLS_V10000,GLS,30,10000,200,42,0.2,0.1,True,17,1499.9,259.0,99.8,99.7,98.1,2.1,ontime_p50,95.0,True,False,feasible,static_v1,0,1.01,1.07,0.7975,1
R107,R,100,Gamma2-q1p645,Gamma,TL30_MGLS_V10000,GLS,30,10000,200,42,0.2,0.1,True,17,1510.5,427.2,99.1,99.3,98.8,2.2,ontime_p50,95.0,True,False,feasible,static_v1,0,1.72,1.79,0.8675,1
R108,R,100,DET,DET,TL30_MGLS_V10000,GLS,30,10000,200,42,0.2,0.1,True,18,1128.2,10.9,97.4,97.3,95.8,2.5,ontime_p50,95.0,True,True,feasible,static_v1,0,0.0,0.0,0.1475,0
R108,R,100,Q110,Q,TL30_MGLS_V10000,GLS,30,10000,200,42,0.2,0.1,True,18,1134.2,21.5,98.3,98.2,97.4,2.6,ontime_p50,95.0,True,False,feasible,static_v1,0,0.53,0.53,0.1075,0
R108,R,100,Q120,Q,TL30_MGLS_V10000,GLS,30,10000,200,42,0.2,0.1,True,18,1140.2,27.3,98.6,98.9,97.1,2.4,ontime_p50,95.0,True,False,feasible,static_v1,0,1.06,1.06,0.0975,0
R108,R,100,Q130,Q,TL30_MGLS_V10000,GLS,30,10000,200,42,0.2,0.1,True,19,1143.1,34.3,100.0,100.0,99.1,2.1,ontime_p50,95.0,True,False,feasible,static_v1,0,1.32,1.32,0.7575,1
R108,R,100,SAA16-b0p3,SAA,TL30_MGLS_V10000,GLS,30,10000,200,42,0.2,0.1,True,18,1165.5,234.7,99.6,99.5,97.8,2.2,ontime_p50,95.0,True,False,feasible,static_v1,0,3.31,3.31,0.1725,0
R108,R,100,SAA32-b0p5,SAA,TL30_MGLS_V10000,GLS,30,10000,200,42,0.2,0.1,True,18,1188.0,352.5,98.9,98.9,97.0,2.3,ontime_p50,95.0,True,False,feasible,static_v1,0,5.3,5.3,0.2275,0
R108,R,100,SAA64-b0p7,SAA,TL30_MGLS_V10000,GLS,30,10000,200,42,0.2,0.1,True,18,1174.6,595.1,99.4,99.8,99.1,2.2,ontime_p50,95.0,True,False,feasible,static_v1,0,4.11,4.11,0.89,1
R108,R,100,Gamma1-q1p645,Gamma,TL30_MGLS_V10000,GLS,30,10000,200,42,0.2,0.1,True,18,1139.5,294.6,99.4,99.2,98.3,2.2,ontime_p50,95.0,True,False,feasible,static_v1,0,1.0,1.0,0.81,1
R108,R,100,Gamma2-q1p645,Gamma,TL30_MGLS_V10000,GLS,30,10000,200,42,0.2,0.1,True,19,1149.3,424.4,100.0,99.9,98.7,2.4,ontime_p50,95.0,True,False,feasible,static_v1,0,1.87,1.87,0.875,1
R109,R,100,DET,DET,TL30_MGLS_V10000,GLS,30,10000,200,42,0.2,0.1,True,14,1221.1,11.7,98.9,98.8,97.3,2.5,ontime_p50,95.0,True,True,feasible,static_v1,0,0.0,0.0,0.055,0
R109,R,100,Q110,Q,TL30_MGLS_V10000,GLS,30,10000,200,42,0.2,0.1,True,14,1221.6,21.5,97.7,98.1,96.3,2.3,ontime_p50,95.0,True,False,feasible,static_v1,0,0.04,0.04,0.03,0
R109,R,100,Q120,Q,TL30_MGLS_V10000,GLS,30,10000,200,42,0.2,0.1,True,14,1223.6,31.4,99.2,99.1,97.9,2.4,ontime_p50,95.0,True,False,feasible,static_v1,0,0.2,0.2,0.0275,0
R109,R,100,Q130,Q,TL30_MGLS_V10000,GLS,30,10000,200,42,0.2,0.1,True,15,1241.4,35.2,98.5,98.8,97.1,2.2,ontime_p50,95.0,True,False,feasible,static_v1,0,1.66,1.66,0.0575,0
R109,R,100,SAA16-b0p3,SAA,TL30_MGLS_V10000,GLS,30,10000,200,42,0.2,0.1,True,14,1266.8,211.7,99.7,100.0,98.0,2.2,ontime_p50,95.0,True,False,feasible,static_v1,0,3.74,3.74,0.095,0
R109,R,100,SAA32-b0p5,SAA,TL30_MGLS_V10000,GLS,30,10000,200,42,0.2,0.1,True,15,1289.8,317.0,98.6,98.8,97.9,2.2,ontime_p50,95.0,True,False,feasible,static_v1,0,5.63,5.63,0.1325,0
R109,R,100,SAA64-b0p7,SAA,TL30_MGLS_V10000,GLS,30,10000,200,42,0.2,0.1,True,14,1304.6,576.4,100.0,99.9,98.0,2.1,ontime_p50,95.0,True,False,feasible,static_v1,0,6.84,6.84,0.2025,0
R109,R,100,Gamma1-q1p645,Gamma,TL30_MGLS_V10000,GLS,30,10000,200,42,0.2,0.1,True,14,1230.5,287.1,98.6,98.4,96.9,2.3,ontime_p50,95.0,True,False,feasible,static_v1,0,0.77,0.77,0.0475,0
R109,R,100,Gamma2-q1p645,Gamma,TL30_MGLS_V10000,GLS,30,10000,200,42,0.2,0.1,True,15,1237.0,476.5,99.2,98.8,97.1,2.2,ontime_p50,95.0,True,False,feasible,static_v1,0,1.3,1.3,0.13,0
R110,R,100,DET,DET,TL30_MGLS_V10000,GLS,30,10000,200,42,0.2,0.1,True,17,1627.8,10.5,99.5,99.6,98.4,2.4,ontime_p50,95.0,True,False,feasible,static_v1,0,0.0,1.74,0.645,1
R110,R,100,Q110,Q,TL30_MGLS_V10000,GLS,30,10000,200,42,0.2,0.1,True,17,1626.6,23.7,99.0,99.0,98.0,2.3,ontime_p50,95.0,True,False,feasible,static_v1,0,-0.07,1.66,0.0425,0
R110,R,100,Q120,Q,TL30_MGLS_V10000,GLS,30,10000,200,42,0.2,0.1,True,17,1600.0,25.9,98.3,98.4,97.4,2.4,ontime_p50,95.0,True,True,feasible,static_v1,0,-1.71,0.0,0.04,0
R110,R,100,Q130,Q,TL30_MGLS_V10000,GLS,30,10000,200,42,0.2,0.1,True,17,1666.2,39.6,97.9,98.3,97.5,2.3,ontime_p50,95.0,True,False,feasible,static_v1,0,2.36,4.14,0.0875,0
R110,R,100,SAA16-b0p3,SAA,TL30_MGLS_V10000,GLS,30,10000,200,42,0.2,0.1,True,17,1670.8,210.7,99.3,99.2,98.0,2.4,ontime_p50,95.0,True,False,feasible,static_v1,0,2.64,4.42,0.095,0
R110,R,100,SAA32-b0p5,SAA,TL30_MGLS_V10000,GLS,30,10000,200,42,0.2,0.1,True,17,1707.9,373.6,98.3,98.4,96.7,2.3,ontime_p50,95.0,True,False,feasible,static_v1,0,4.92,6.74,0.16,0
R110,R,100,SAA64-b0p7,SAA,TL30_MGLS_V10000,GLS,30,10000,200,42,0.2,0.1,True,17,1682.6,580.0,98.7,98.5,97.6,2.2,ontime_p50,95.0,True,False,feasible,static_v1,0,3.37,5.16,0.2525,0
R110,R,100,Gamma1-q1p645,Gamma,TL30_MGLS_V10000,GLS,30,10000,200,42,0.2,0.1,True,17,1633.5,249.5,98.5,98.5,97.9,2.2,ontime_p50,95.0,True,False,feasible,static_v1,0,0.35,2.09,0.0925,0
R110,R,100,Gamma2-q1p645,Gamma,TL30_MGLS_V10000,GLS,30,10000,200,42,0.2,0.1,True,17,1641.5,462.7,98.3,98.4,96.8,2.4,ontime_p50,95.0,True,False,feasible,static_v1,0,0.84,2.59,0.18,0
R111,R,100,DET,DET,TL30_MGLS_V10000,GLS,30,10000,200,42,0.2,0.1,True,18,1247.7,11.6,98.1,98.3,96.5,2.4,ontime_p50,95.0,True,False,feasible,static_v1,0,0.0,0.69,0.0925,0
R111,R,100,Q110,Q,TL30_MGLS_V10000,GLS,30,10000,200,42,0.2,0.1,True,18,1267.3,20.5,98.5,98.4,97.4,2.5,ontime_p50,95.0,True,False,feasible,static_v1,0,1.57,2.28,0.04,0
R111,R,100,Q120,Q,TL30_MGLS_V10000,GLS,30,10000,200,42,0.2,0.1,True,18,1239.1,32.1,98.2,98.1,96.5,2.4,ontime_p50,95.0,True,True,feasible,static_v1,0,-0.69,0.0,0.0225,0
R111,R,100,Q130,Q,TL30_MGLS_V10000,GLS,30,10000,200,42,0.2,0.1,True,18,1279.2,38.0,98.5,99.0,97.4,2.4,ontime_p50,95.0,True,False,feasible,static_v1,0,2.52,3.24,0.09,0
R111,R,100,SAA16-b0p3,SAA,TL30_MGLS_V10000,GLS,30,10000,200,42,0.2,0.1,True,19,1281.0,223.8,98.6,98.3,97.0,2.4,ontime_p50,95.0,True,False,feasible,static_v1,0,2.67,3.38,0.2075,0
R111,R,100,SAA32-b0p5,SAA,TL30_MGLS_V10000,GLS,30,10000,200,42,0.2,0.1,True,18,1297.3,351.5,100.0,100.0,98.5,2.1,ontime_p50,95.0,True,False,feasible,static_v1,0,3.98,4.7,0.8,1
R111,R,100,SAA64-b0p7,SAA,TL30_MGLS_V10000,GLS,30,10000,200,42,0.2,0.1,True,18,1322.2,580.0,100.0,100.0,99.3,2.2,ontime_p50,95.0,True,False,feasible,static_v1,0,5.97,6.71,0.925,1
R111,R,100,Gamma1-q1p645,Gamma,TL30_MGLS_V10000,GLS,30,10000,200,42,0.2,0.1,True,19,1259.1,244.3,99.0,99.0,98.0,2.1,ontime_p50,95.0,True,False,feasible,static_v1,0,0.91,1.61,0.0975,0
R111,R,100,Gamma2-q1p645,Gamma,TL30_MGLS_V10000,GLS,30,10000,200,42,0.2,0.1,True,19,1266.2,454.5,99.0,98.9,98.0,2.4,ontime_p50,95.0,True,False,feasible,static_v1,0,1.48,2.19,0.15,0
R112,R,100,DET,DET,TL30_MGLS_V10000,GLS,30,10000,200,42,0.2,0.1,True,14,1433.2,10.6,97.6,97.3,96.4,2.5,ontime_p50,95.0,True,False,feasible,static_v1,0,0.0,0.22,0.185,0
R112,R,100,Q110,Q,TL30_MGLS_V10000,GLS,30,10000,200,42,0.2,0.1,True,14,1479.0,23.3,99.3,99.3,98.6,2.5,ontime_p50,95.0,True,False,feasible,static_v1,0,3.2,3.42,0.725,1
R112,R,100,Q120,Q,TL30_MGLS_V10000,GLS,30,10000,200,42,0.2,0.1,True,14,1430.1,28.1,99.4,99.2,98.7,2.2,ontime_p50,95.0,True,True,feasible,static_v1,0,-0.22,0.0,0.69,1
R112,R,100,Q130,Q,TL30_MGLS_V10000,GLS,30,10000,200,42,0.2,0.1,True,14,1457.1,35.7,98.0,97.9,96.4,2.4,ontime_p50,95.0,True,False,feasible,static_v1,0,1.67,1.89,0.225,0
R112,R,100,SAA16-b0p3,SAA,TL30_MGLS_V10000,GLS,30,10000,200,42,0.2,0.1,True,14,1459.2,191.0,99.7,99.3,98.5,2.4,ontime_p50,95.0,True,False,feasible,static_v1,0,1.81,2.03,0.78,1
R112,R,100,SAA32-b0p5,SAA,TL30_MGLS_V10000,GLS,30,10000,200,42,0.2,0.1,True,14,1466.6,339.4,99.9,99.7,97.8,2.4,ontime_p50,95.0,True,False,feasible,static_v1,0,2.33,2.55,0.31,0
R112,R,100,SAA64-b0p7,SAA,TL30_MGLS_V10000,GLS,30,10000,200,42,0.2,0.1,True,15,1547.2,583.0,100.0,99.9,99.4,2.2,ontime_p50,95.0,True,False,feasible,static_v1,0,7.95,8.19,0.945,1
R112,R,100,Gamma1-q1p645,Gamma,TL30_MGLS_V10000,GLS,30,10000,200,42,0.2,0.1,True,14,1441.1,259.1,99.5,99.8,98.9,2.2,ontime_p50,95.0,True,False,feasible,static_v1,0,0.55,0.77,0.79,1
R112,R,100,Gamma2-q1p645,Gamma,TL30_MGLS_V10000,GLS,30,10000,200,42,0.2,0.1,True,14,1450.5,442.2,98.5,99.0,98.2,2.2,ontime_p50,95.0,True,False,feasible,static_v1,0,1.21,1.43,0.8725,1
R201,R,100,DET,DET,TL30_MGLS_V10000,GLS,30,10000,200,42,0.2,0.1,True,8,1058.2,9.2,99.6,99.6,98.0,2.2,ontime_p50,95.0,True,True,feasible,static_v1,0,0.0,0.0,0.135,0
R201,R,100,Q110,Q,TL30_MGLS_V10000,GLS,30,10000,200,42,0.2,0.1,True,8,1062.3,19.3,98.7,98.7,98.1,2.5,ontime_p50,95.0,True,False,feasible,static_v1,0,0.39,0.39,0.7375,1
R201,R,100,Q120,Q,TL30_MGLS_V10000,GLS,30,10000,200,42,0.2,0.1,True,9,1067.0,23.7,99.6,99.6,97.9,2.3,ontime_p50,95.0,True,False,feasible,static_v1,0,0.83,0.83,0.1625,0
R201,R,100,Q130,Q,TL30_MGLS_V10000,GLS,30,10000,200,42,0.2,0.1,True,8,1086.5,30.8,100.0,99.9,99.0,2.3,ontime_p50,95.0,True,False,feasible,static_v1,0,2.67,2.67,0.7625,1
R201,R,100,SAA16-b0p3,SAA,TL30_MGLS_V10000,GLS,30,10000,200,42,0.2,0.1,True,8,1069.6,167.1,98.7,98.3,97.5,2.2,ontime_p50,95.0,True,False,feasible,static_v1,0,1.08,1.08,0.23,0
R201,R,100,SAA32-b0p5,SAA,TL30_MGLS_V10000,GLS,30,10000,200,42,0.2,0.1,True,8,1098.7,296.4,99.3,99.6,98.3,2.2,ontime_p50,95.0,True,False,feasible,static_v1,0,3.83,3.83,0.835,1
R201,R,100,SAA64-b0p7,SAA,TL30_MGLS_V10000,GLS,30,10000,200,42,0.2,0.1,True,9,1098.6,570.7,100.0,100.0,98.6,2.1,ontime_p50,95.0,True,False,feasible,static_v1,0,3.82,3.82,0.9275,1
R201,R,100,Gamma1-q1p645,Gamma,TL30_MGLS_V10000,GLS,30,10000,200,42,0.2,0.1,True,8,1070.2,236.8,99.7,99.7,98.9,2.2,ontime_p50,95.0,True,False,feasible,static_v1,0,1.13,1.13,0.7625,1
R201,R,100,Gamma2-q1p645,Gamma,TL30_MGLS_V10000,GLS,30,10000,200,42,0.2,0.1,True,8,1070.8,323.9,99.5,99.3,97.4,2.4,ontime_p50,95.0,True,False,feasible,static_v1,0,1.19,1.19,0.265,0
R202,R,100,DET,DET,TL30_MGLS_V10000,GLS,30,10000,200,42,0.2,0.1,True,7,990.6,9.6,99.6,99.8,97.9,2.2,ontime_p50,95.0,True,False,feasible,static_v1,0,0.0,0.65,0.125,0
R202,R,100,Q110,Q,TL30_MGLS_V10000,GLS,30,10000,200,42,0.2,0.1,True,7,984.2,17.1,99.6,99.7,98.3,2.3,ontime_p50,95.0,True,True,feasible,static_v1,0,-0.65,0.0,0.69,1
R202,R,100,Q120,Q,TL30_MGLS_V10000,GLS,30,10000,200,42,0.2,0.1,True,7,995.7,21.8,99.1,99.2,97.6,2.2,ontime_p50,95.0,True,False,feasible,static_v1,0,0.51,1.17,0.155,0
R202,R,100,Q130,Q,TL30_MGLS_V10000,GLS,30,10000,200,42,0.2,0.1,True,7,1001.2,28.0,99.9,100.0,98.6,2.0,ontime_p50,95.0,True,False,feasible,static_v1,0,1.07,1.73,0.7925,1
R202,R,100,SAA16-b0p3,SAA,TL30_MGLS_V10000,GLS,30,10000,200,42,0.2,0.1,True,8,1009.2,189.9,100.0,100.0,99.3,2.0,ontime_p50,95.0,True,False,feasible,static_v1,0,1.88,2.54,0.8075,1
R202,R,100,SAA32-b0p5,SAA,TL30_MGLS_V10000,GLS,30,10000,200,42,0.2,0.1,True,7,1030.3,256.8,100.0,100.0,98.0,2.1,ontime_p50,95.0,True,False,feasible,static_v1,0,4.01,4.68,0.3075,0
R202,R,100,SAA64-b0p7,SAA,TL30_MGLS_V10000,GLS,30,10000,200,42,0.2,0.1,True,7,1035.2,502.1,100.0,99.7,98.3,2.1,ontime_p50,95.0,True,False,feasible,static_v1,0,4.5,5.18,0.93,1
R202,R,100,Gamma1-q1p645,Gamma,TL30_MGLS_V10000,GLS,30,10000,200,42,0.2,0.1,True,7,996.4,205.2,98.8,98.7,97.7,2.2,ontime_p50,95.0,True,False,feasible,static_v1,0,0.59,1.24,0.1125,0
R202,R,100,Gamma2-q1p645,Gamma,TL30_MGLS_V10000,GLS,30,10000,200,42,0.2,0.1,True,7,999.1,388.5,99.0,99.2,97.8,2.1,ontime_p50,95.0,True,False,feasible,static_v1,0,0.86,1.51,0.2175,0
R203,R,100,DET,DET,TL30_MGLS_V10000,GLS,30,10000,200,42,0.2,0.1,True,7,1178.4,8.4,98.4,97.8,97.1,2.4,ontime_p50,95.0,True,False,feasible,static_v1,0,0.0,0.59,0.1075,0
R203,R,100,Q110,Q,TL30_MGLS_V10000,GLS,30,10000,200,42,0.2,0.1,True,8,1194.0,17.6,99.2,99.0,98.5,2.5,ontime_p50,95.0,True,False,feasible,static_v1,0,1.32,1.92,0.7125,1
R203,R,100,Q120,Q,TL30_MGLS_V10000,GLS,30,10000,200,42,0.2,0.1,True,8,1171.5,22.2,99.3,99.1,97.6,2.1,ontime_p50,95.0,True,True,feasible,static_v1,0,-0.59,0.0,0.1175,0
R203,R,100,Q130,Q,TL30_MGLS_V10000,GLS,30,10000,200,42,0.2,0.1,True,7,1184.8,32.2,99.8,99.8,98.5,2.2,ontime_p50,95.0,True,False,feasible,static_v1,0,0.54,1.14,0.7675,1
R203,R,100,SAA16-b0p3,SAA,TL30_MGLS_V10000,GLS,30,10000,200,42,0.2,0.1,True,7,1216.5,182.6,99.9,99.9,99.2,2.3,ontime_p50,95.0,True,False,feasible,static_v1,0,3.23,3.84,0.7475,1
R203,R,100,SAA32-b0p5,SAA,TL30_MGLS_V10000,GLS,30,10000,200,42,0.2,0.1,True,7,1213.6,252.6,99.2,98.9,97.6,2.2,ontime_p50,95.0,True,False,feasible,static_v1,0,2.99,3.59,0.275,0
R203,R,100,SAA64-b0p7,SAA,TL30_MGLS_V10000,GLS,30,10000,200,42,0.2,0.1,True,8,1216.3,483.2,100.0,100.0,98.5,2.4,ontime_p50,95.0,True,False,feasible,static_v1,0,3.22,3.82,0.93,1
R203,R,100,Gamma1-q1p645,Gamma,TL30_MGLS_V10000,GLS,30,10000,200,42,0.2,0.1,True,7,1186.7,246.6,99.5,99.3,97.5,2.1,ontime_p50,95.0,True,False,feasible,static_v1,0,0.7,1.3,0.13,0
R203,R,100,Gamma2-q1p645,Gamma,TL30_MGLS_V10000,GLS,30,10000,200,42,0.2,0.1,True,8,1196.2,398.3,99.2,99.2,97.8,2.4,ontime_p50,95.0,True,False,feasible,static_v1,0,1.51,2.11,0.1975,0
R204,R,100,DET,DET,TL30_MGLS_V10000,GLS,30,10000,200,42,0.2,0.1,True,8,1247.8,8.2,99.1,99.2,98.1,2.3,ontime_p50,95.0,True,False,feasible,static_v1,0,0.0,0.32,0.745,1
R204,R,100,Q110,Q,TL30_MGLS_V10000,GLS,30,10000,200,42,0.2,0.1,True,9,1253.2,20.0,99.5,99.3,97.6,2.1,ontime_p50,95.0,True,False,feasible,static_v1,0,0.43,0.76,0.1375,0
R204,R,100,Q120,Q,TL30_MGLS_V10000,GLS,30,10000,200,42,0.2,0.1,True,8,1243.8,23.4,99.1,99.4,97.9,2.2,ontime_p50,95.0,True,True,feasible,static_v1,0,-0.32,0.0,0.1025,0
R204,R,100,Q130,Q,TL30_MGLS_V10000,GLS,30,10000,200,42,0.2,0.1,True,8,1252.7,28.7,100.0,100.0,98.4,2.1,ontime_p50,95.0,True,False,feasible,static_v1,0,0.39,0.72,0.715,1
R204,R,100,SAA16-b0p3,SAA,TL30_MGLS_V10000,GLS,30,10000,200,42,0.2,0.1,True,9,1272.2,159.4,99.4,99.0,98.2,2.4,ontime_p50,95.0,True,False,feasible,static_v1,0,1.96,2.28,0.82,1
R204,R,100,SAA32-b0p5,SAA,TL30_MGLS_V10000,GLS,30,10000,200,42,0.2,0.1,True,8,1321.1,296.6,99.1,99.2,98.5,2.4,ontime_p50,95.0,True,False,feasible,static_v1,0,5.87,6.21,0.92,1
R204,R,100,SAA64-b0p7,SAA,TL30_MGLS_V10000,GLS,30,10000,200,42,0.2,0.1,True,8,1328.4,471.2,100.0,100.0,98.7,2.2,ontime_p50,95.0,True,False,feasible,static_v1,0,6.46,6.8,0.975,1
R204,R,100,Gamma1-q1p645,Gamma,TL30_MGLS_V10000,GLS,30,10000,200,42,0.2,0.1,True,8,1260.0,234.3,98.6,99.1,98.0,2.2,ontime_p50,95.0,True,False,feasible,static_v1,0,0.98,1.3,0.2425,0
R204,R,100,Gamma2-q1p645,Gamma,TL30_MGLS_V10000,GLS,30,10000,200,42,0.2,0.1,True,9,1271.1,358.3,100.0,99.7,98.6,2.4,ontime_p50,95.0,True,False,feasible,static_v1,0,1.87,2.19,0.8525,1
R205,R,100,DET,DET,TL30_MGLS_V10000,GLS,30,10000,200,42,0.2,0.1,True,9,1161.4,10.0,99.9,99.7,98.7,2.1,ontime_p50,95.0,True,False,feasible,static_v1,0,0.0,0.24,0.7675,1
R205,R,100,Q110,Q,TL30_MGLS_V10000,GLS,30,10000,200,42,0.2,0.1,True,9,1160.0,19.1,99.6,99.2,98.0,2.4,ontime_p50,95.0,True,False,feasible,static_v1,0,-0.12,0.12,0.145,0
R205,R,100,Q120,Q,TL30_MGLS_V10000,GLS,30,10000,200,42,0.2,0.1,True,9,1160.2,26.7,98.8,99.0,97.7,2.3,ontime_p50,95.0,True,False,feasible,static_v1,0,-0.1,0.14,0.0925,0
R205,R,100,Q130,Q,TL30_MGLS_V10000,GLS,30,10000,200,42,0.2,0.1,True,9,1158.6,32.7,100.0,99.9,98.2,2.2,ontime_p50,95.0,True,True,feasible,static_v1,0,-0.24,0.0,0.74,1
R205,R,100,SAA16-b0p3,SAA,TL30_MGLS_V10000,GLS,30,10000,200,42,0.2,0.1,True,9,1187.4,192.7,99.0,98.7,96.9,2.2,ontime_p50,95.0,True,False,feasible,static_v1,0,2.24,2.49,0.2275,0
R205,R,100,SAA32-b0p5,SAA,TL30_MGLS_V10000,GLS,30,10000,200,42,0.2,0.1,True,10,1205.0,289.2,100.0,99.8,98.4,2.4,ontime_p50,95.0,True,False,feasible,static_v1,0,3.75,4.0,0.84,1
R205,R,100,SAA64-b0p7,SAA,TL30_MGLS_V10000,GLS,30,10000,200,42,0.2,0.1,True,9,1220.4,548.0,100.0,99.7,98.1,2.4,ontime_p50,95.0,True,False,feasible,static_v1,0,5.08,5.33,0.965,1
R205,R,100,Gamma1-q1p645,Gamma,TL30_MGLS_V10000,GLS,30,10000,200,42,0.2,0.1,True,9,1166.9,242.6,99.7,99.5,98.8,2.2,ontime_p50,95.0,True,False,feasible,static_v1,0,0.47,0.72,0.77,1
R205,R,100,Gamma2-q1p645,Gamma,TL30_MGLS_V10000,GLS,30,10000,200,42,0.2,0.1,True,10,1182.5,356.7,99.8,99.5,97.6,2.1,ontime_p50,95.0,True,False,feasible,static_v1,0,1.82,2.06,0.2675,0
R206,R,100,DET,DET,TL30_MGLS_V10000,GLS,30,10000,200,42,0.2,0.1,True,9,1018.3,9.0,99.9,99.8,98.3,2.3,ontime_p50,95.0,True,True,feasible,static_v1,0,0.0,0.0,0.73,1
R206,R,100,Q110,Q,TL30_MGLS_V10000,GLS,30,10000,200,42,0.2,0.1,True,9,1049.2,17.2,98.7,98.8,97.2,2.4,ontime_p50,95.0,True,False,feasible,static_v1,0,3.03,3.03,0.0775,0
R206,R,100,Q120,Q,TL30_MGLS_V10000,GLS,30,10000,200,42,0.2,0.1,True,10,1024.7,26.4,98.5,98.7,98.0,2.4,ontime_p50,95.0,True,False,feasible,static_v1,0,0.63,0.63,0.055,0
R206,R,100,Q130,Q,TL30_MGLS_V10000,GLS,30,10000,200,42,0.2,0.1,True,9,1029.7,28.2,99.2,98.9,97.6,2.3,ontime_p50,95.0,True,False,feasible,static_v1,0,1.12,1.12,0.145,0
R206,R,100,SAA16-b0p3,SAA,TL30_MGLS_V10000,GLS,30,10000,200,42,0.2,0.1,True,9,1030.9,179.8,100.0,100.0,98.6,2.3,ontime_p50,95.0,True,False,feasible,static_v1,0,1.24,1.24,0.84,1
R206,R,100,SAA32-b0p5,SAA,TL30_MGLS_V10000,GLS,30,10000,200,42,0.2,0.1,True,9,1056.8,254.1,99.6,99.6,98.7,2.2,ontime_p50,95.0,True,False,feasible,static_v1,0,3.78,3.78,0.915,1
R206,R,100,SAA64-b0p7,SAA,TL30_MGLS_V10000,GLS,30,10000,200,42,0.2,0.1,True,9,1093.3,464.6,99.8,100.0,99.3,2.4,ontime_p50,95.0,True,False,feasible,static_v1,0,7.37,7.37,0.97,1
R206,R,100,Gamma1-q1p645,Gamma,TL30_MGLS_V10000,GLS,30,10000,200,42,0.2,0.1,True,9,1028.0,230.5,99.2,99.1,97.8,2.1,ontime_p50,95.0,True,False,feasible,static_v1,0,0.95,0.95,0.215,0
R206,R,100,Gamma2-q1p645,Gamma,TL30_MGLS_V10000,GLS,30,10000,200,42,0.2,0.1,True,9,1030.3,336.1,99.8,99.8,98.3,2.4,ontime_p50,95.0,True,False,feasible,static_v1,0,1.18,1.18,0.835,1
R207,R,100,DET,DET,TL30_MGLS_V10000,GLS,30,10000,200,42,0.2,0.1,True,8,1162.8,9.1,99.2,99.3,97.5,2.1,ontime_p50,95.0,True,False,feasible,static_v1,0,0.0,0.46,0.11,0
R207,R,100,Q110,Q,TL30_MGLS_V10000,GLS,30,10000,200,42,0.2,0.1,True,8,1157.5,19.2,98.8,99.1,97.4,2.1,ontime_p50,95.0,True,True,feasible,static_v1,0,-0.46,0.0,0.1125,0
R207,R,100,Q120,Q,TL30_MGLS_V10000,GLS,30,10000,200,42,0.2,0.1,True,9,1167.2,22.3,98.9,98.9,97.2,2.4,ontime_p50,95.0,True,False,feasible,static_v1,0,0.38,0.84,0.09,0
R207,R,100,Q130,Q,TL30_MGLS_V10000,GLS,30,10000,200,42,0.2,0.1,True,9,1170.1,32.4,100.0,100.0,99.2,2.1,ontime_p50,95.0,True,False,feasible,static_v1,0,0.63,1.09,0.69,1
R207,R,100,SAA16-b0p3,SAA,TL30_MGLS_V10000,GLS,30,10000,200,42,0.2,0.1,True,8,1202.0,180.4,100.0,100.0,98.2,2.3,ontime_p50,95.0,True,False,feasible,static_v1,0,3.37,3.84,0.78,1
R207,R,100,SAA32-b0p5,SAA,TL30_MGLS_V10000,GLS,30,10000,200,42,0.2,0.1,True,8,1188.6,305.6,99.1,98.9,97.7,2.2,ontime_p50,95.0,True,False,feasible,static_v1,0,2.22,2.69,0.3175,0
R207,R,100,SAA64-b0p7,SAA,TL30_MGLS_V10000,GLS,30,10000,200,42,0.2,0.1,True,8,1240.5,561.9,100.0,100.0,98.6,2.3,ontime_p50,95.0,True,False,feasible,static_v1,0,6.68,7.17,0.9325,1
R207,R,100,Gamma1-q1p645,Gamma,TL30_MGLS_V10000,GLS,30,10000,200,42,0.2,0.1,True,8,1172.7,225.8,98.9,98.9,98.0,2.2,ontime_p50,95.0,True,False,feasible,static_v1,0,0.85,1.31,0.165,0
R207,R,100,Gamma2-q1p645,Gamma,TL30_MGLS_V10000,GLS,30,10000,200,42,0.2,0.1,True,8,1177.1,382.6,99.9,99.9,98.5,2.4,ontime_p50,95.0,True,False,feasible,static_v1,0,1.23,1.69,0.8125,1
R208,R,100,DET,DET,TL30_MGLS_V10000,GLS,30,10000,200,42,0.2,0.1,True,9,1142.7,8.6,98.9,99.3,98.7,2.3,ontime_p50,95.0,True,False,feasible,static_v1,0,0.0,1.64,0.7125,1
R208,R,100,Q110,Q,TL30_MGLS_V10000,GLS,30,10000,200,42,0.2,0.1,True,9,1124.3,19.3,99.5,99.3,98.0,2.4,ontime_p50,95.0,True,True,feasible,static_v1,0,-1.61,0.0,0.0675,0
R208,R,100,Q120,Q,TL30_MGLS_V10000,GLS,30,10000,200,42,0.2,0.1,True,9,1144.5,22.9,99.6,99.4,97.4,2.1,ontime_p50,95.0,True,False,feasible,static_v1,0,0.16,1.8,0.045,0
R208,R,100,Q130,Q,TL30_MGLS_V10000,GLS,30,10000,200,42,0.2,0.1,True,9,1182.9,30.1,98.9,98.5,96.9,2.4,ontime_p50,95.0,True,False,feasible,static_v1,0,3.52,5.21,0.0975,0
R208,R,100,SAA16-b0p3,SAA,TL30_MGLS_V10000,GLS,30,10000,200,42,0.2,0.1,True,10,1167.3,188.9,99.1,99.4,98.3,2.4,ontime_p50,95.0,True,False,feasible,static_v1,0,2.15,3.82,0.8175,1
R208,R,100,SAA32-b0p5,SAA,TL30_MGLS_V10000,GLS,30,10000,200,42,0.2,0.1,True,9,1191.1,300.7,100.0,100.0,98.9,2.3,ontime_p50,95.0,True,False,feasible,static_v1,0,4.24,5.94,0.8975,1
R208,R,100,SAA64-b0p7,SAA,TL30_MGLS_V10000,GLS,30,10000,200,42,0.2,0.1,True,9,1221.5,535.9,100.0,100.0,99.5,2.2,ontime_p50,95.0,True,False,feasible,static_v1,0,6.9,8.65,0.97,1
R208,R,100,Gamma1-q1p645,Gamma,TL30_MGLS_V10000,GLS,30,10000,200,42,0.2,0.1,True,9,1148.8,221.4,98.9,99.0,97.2,2.1,ontime_p50,95.0,True,False,feasible,static_v1,0,0.53,2.18,0.1475,0
R208,R,100,Gamma2-q1p645,Gamma,TL30_MGLS_V10000,GLS,30,10000,200,42,0.2,0.1,True,9,1155.6,327.9,98.7,98.9,97.1,2.4,ontime_p50,95.0,True,False,feasible,static_v1,0,1.13,2.78,0.195,0
R209,R,100,DET,DET,TL30_MGLS_V10000,GLS,30,10000,200,42,0.2,0.1,True,9,1121.4,9.6,99.5,99.6,97.7,2.3,ontime_p50,95.0,True,True,feasible,static_v1,0,0.0,0.0,0.135,0
R209,R,100,Q110,Q,TL30_MGLS_V10000,GLS,30,10000,200,42,0.2,0.1,True,9,1138.9,20.1,98.5,98.6,97.4,2.4,ontime_p50,95.0,True,False,feasible,static_v1,0,1.56,1.56,0.1175,0
R209,R,100,Q120,Q,TL30_MGLS_V10000,GLS,30,10000,200,42,0.2,0.1,True,9,1124.2,24.8,99.1,98.4,97.4,2.5,ontime_p50,95.0,True,False,feasible,static_v1,0,0.25,0.25,0.1075,0
R209,R,100,Q130,Q,TL30_MGLS_V10000,GLS,30,10000,200,42,0.2,0.1,True,9,1140.4,31.5,99.4,99.2,98.4,2.3,ontime_p50,95.0,True,False,feasible,static_v1,0,1.69,1.69,0.69,1
R209,R,100,SAA16-b0p3,SAA,TL30_MGLS_V10000,GLS,30,10000,200,42,0.2,0.1,True,9,1144.9,192.5,98.7,99.0,97.9,2.3,ontime_p50,95.0,True,False,feasible,static_v1,0,2.1,2.1,0.23,0
R209,R,100,SAA32-b0p5,SAA,TL30_MGLS_V10000,GLS,30,10000,200,42,0.2,0.1,True,9,1148.5,291.8,100.0,100.0,98.9,2.1,ontime_p50,95.0,True,False,feasible,static_v1,0,2.42,2.42,0.8525,1
R209,R,100,SAA64-b0p7,SAA,TL30_MGLS_V10000,GLS,30,10000,200,42,0.2,0.1,True,9,1157.5,464.3,99.7,99.7,99.1,2.0,ontime_p50,95.0,True,False,feasible,static_v1,0,3.22,3.22,0.9325,1
R209,R,100,Gamma1-q1p645,Gamma,TL30_MGLS_V10000,GLS,30,10000,200,42,0.2,0.1,True,9,1128.6,247.3,99.6,99.8,98.7,2.1,ontime_p50,95.0,True,False,feasible,static_v1,0,0.64,0.64,0.715,1
R209,R,100,Gamma2-q1p645,Gamma,TL30_MGLS_V10000,GLS,30,10000,200,42,0.2,0.1,True,9,1138.8,370.2,99.3,99.1,97.1,2.2,ontime_p50,95.0,True,False,feasible,static_v1,0,1.55,1.55,0.28,0
R210,R,100,DET,DET,TL30_MGLS_V10000,GLS,30,10000,200,42,0.2,0.1,True,7,1175.9,8.4,98.6,98.8,96.9,2.4,ontime_p50,95.0,True,False,feasible,static_v1,0,0.0,0.53,0.1475,0
R210,R,100,Q110,Q,TL30_MGLS_V10000,GLS,30,10000,200,42,0.2,0.1,True,7,1196.5,18.3,98.5,98.6,96.8,2.2,ontime_p50,95.0,True,False,feasible,static_v1,0,1.75,2.29,0.055,0
R210,R,100,Q120,Q,TL30_MGLS_V10000,GLS,30,10000,200,42,0.2,0.1,True,7,1169.7,24.9,99.2,99.1,97.2,2.2,ontime_p50,95.0,True,True,feasible,static_v1,0,-0.53,0.0,0.0375,0
R210,R,100,Q130,Q,TL30_MGLS_V10000,GLS,30,10000,200,42,0.2,0.1,True,7,1208.6,30.8,98.8,99.1,98.0,2.3,ontime_p50,95.0,True,False,feasible,static_v1,0,2.78,3.33,0.1125,0
R210,R,100,SAA16-b0p3,SAA,TL30_MGLS_V10000,GLS,30,10000,200,42,0.2,0.1,True,7,1206.7,189.2,100.0,100.0,98.6,2.1,ontime_p50,95.0,True,False,feasible,static_v1,0,2.62,3.16,0.845,1
R210,R,100,SAA32-b0p5,SAA,TL30_MGLS_V10000,GLS,30,10000,200,42,0.2,0.1,True,8,1226.8,304.5,99.4,99.6,99.0,2.1,ontime_p50,95.0,True,False,feasible,static_v1,0,4.33,4.88,0.89,1
R210,R,100,SAA64-b0p7,SAA,TL30_MGLS_V10000,GLS,30,10000,200,42,0.2,0.1,True,7,1258.2,563.1,100.0,99.8,99.0,2.1,ontime_p50,95.0,True,False,feasible,static_v1,0,7.0,7.57,0.9675,1
R210,R,100,Gamma1-q1p645,Gamma,TL30_MGLS_V10000,GLS,30,10000,200,42,0.2,0.1,True,8,1182.8,256.0,99.3,99.1,97.3,2.2,ontime_p50,95.0,True,False,feasible,static_v1,0,0.59,1.12,0.19,0
R210,R,100,Gamma2-q1p645,Gamma,TL30_MGLS_V10000,GLS,30,10000,200,42,0.2,0.1,True,7,1189.1,319.0,99.9,99.6,98.6,2.1,ontime_p50,95.0,True,False,feasible,static_v1,0,1.12,1.66,0.8375,1
R211,R,100,DET,DET,TL30_MGLS_V10000,GLS,30,10000,200,42,0.2,0.1,True,7,914.8,9.3,98.6,98.9,97.8,2.4,ontime_p50,95.0,True,False,feasible,static_v1,0,0.0,1.64,0.1725,0
R211,R,100,Q110,Q,TL30_MGLS_V10000,GLS,30,10000,200,42,0.2,0.1,True,7,934.6,16.3,99.5,99.7,98.9,2.2,ontime_p50,95.0,True,False,feasible,static_v1,0,2.16,3.84,0.775,1
R211,R,100,Q120,Q,TL30_MGLS_V10000,GLS,30,10000,200,42,0.2,0.1,True,8,900.0,25.3,99.6,99.5,97.5,2.2,ontime_p50,95.0,True,True,feasible,static_v1,0,-1.62,0.0,0.1575,0
R211,R,100,Q130,Q,TL30_MGLS_V10000,GLS,30,10000,200,42,0.2,0.1,True,7,938.8,31.3,99.4,99.2,98.2,2.4,ontime_p50,95.0,True,False,feasible,static_v1,0,2.62,4.31,0.805,1
R211,R,100,SAA16-b0p3,SAA,TL30_MGLS_V10000,GLS,30,10000,200,42,0.2,0.1,True,7,928.5,193.5,99.9,99.5,98.5,2.3,ontime_p50,95.0,True,False,feasible,static_v1,0,1.5,3.17,0.8625,1
R211,R,100,SAA32-b0p5,SAA,TL30_MGLS_V10000,GLS,30,10000,200,42,0.2,0.1,True,7,963.8,300.6,99.4,99.1,98.3,2.5,ontime_p50,95.0,True,False,feasible,static_v1,0,5.36,7.09,0.9275,1
R211,R,100,SAA64-b0p7,SAA,TL30_MGLS_V10000,GLS,30,10000,200,42,0.2,0.1,True,7,982.4,498.3,99.8,100.0,98.5,2.2,ontime_p50,95.0,True,False,feasible,static_v1,0,7.39,9.16,0.9825,1
R211,R,100,Gamma1-q1p645,Gamma,TL30_MGLS_V10000,GLS,30,10000,200,42,0.2,0.1,True,8,917.1,240.7,99.8,99.7,98.8,2.1,ontime_p50,95.0,True,False,feasible,static_v1,0,0.25,1.9,0.8175,1
R211,R,100,Gamma2-q1p645,Gamma,TL30_MGLS_V10000,GLS,30,10000,200,42,0.2,0.1,True,7,932.2,355.2,99.0,99.4,98.4,2.2,ontime_p50,95.0,True,False,feasible,static_v1,0,1.9,3.58,0.88,1
RC101,RC,100,DET,DET,TL30_MGLS_V10000,GLS,30,10000,200,42,0.2,0.1,True,14,1315.0,10.9,99.5,99.4,97.7,2.4,ontime_p50,95.0,True,False,feasible,static_v1,0,0.0,1.85,0.1175,0
RC101,RC,100,Q110,Q,TL30_MGLS_V10000,GLS,30,10000,200,42,0.2,0.1,True,14,1324.3,22.0,97.5,97.0,95.9,2.4,ontime_p50,95.0,True,False,feasible,static_v1,0,0.71,2.57,0.0925,0
RC101,RC,100,Q120,Q,TL30_MGLS_V10000,GLS,30,10000,200,42,0.2,0.1,True,14,1291.1,30.0,98.2,98.2,97.6,2.4,ontime_p50,95.0,True,True,feasible,static_v1,0,-1.82,0.0,0.09,0
RC101,RC,100,Q130,Q,TL30_MGLS_V10000,GLS,30,10000,200,42,0.2,0.1,True,14,1349.6,37.1,98.5,98.6,97.7,2.4,ontime_p50,95.0,True,False,feasible,static_v1,0,2.63,4.53,0.06,0
RC101,RC,100,SAA16-b0p3,SAA,TL30_MGLS_V10000,GLS,30,10000,200,42,0.2,0.1,True,14,1364.1,230.1,98.9,99.3,98.6,2.4,ontime_p50,95.0,True,False,feasible,static_v1,0,3.73,5.65,0.855,1
RC101,RC,100,SAA32-b0p5,SAA,TL30_MGLS_V10000,GLS,30,10000,200,42,0.2,0.1,True,14,1358.1,305.7,97.8,97.8,97.1,2.3,ontime_p50,95.0,True,False,feasible,static_v1,0,3.28,5.19,0.1675,0
RC101,RC,100,SAA64-b0p7,SAA,TL30_MGLS_V10000,GLS,30,10000,200,42,0.2,0.1,True,14,1376.3,628.1,99.4,99.5,98.5,2.4,ontime_p50,95.0,True,False,feasible,static_v1,0,4.66,6.6,0.7975,1
RC101,RC,100,Gamma1-q1p645,Gamma,TL30_MGLS_V10000,GLS,30,10000,200,42,0.2,0.1,True,15,1323.5,261.6,98.5,98.5,97.5,2.4,ontime_p50,95.0,True,False,feasible,static_v1,0,0.65,2.51,0.1775,0
RC101,RC,100,Gamma2-q1p645,Gamma,TL30_MGLS_V10000,GLS,30,10000,200,42,0.2,0.1,True,14,1331.8,403.3,99.5,99.6,98.9,2.2,ontime_p50,95.0,True,False,feasible,static_v1,0,1.28,3.15,0.7,1
RC102,RC,100,DET,DET,TL30_MGLS_V10000,GLS,30,10000,200,42,0.2,0.1,True,14,1353.2,9.8,99.1,99.2,97.2,2.3,ontime_p50,95.0,True,False,feasible,static_v1,0,0.0,0.36,0.0975,0
RC102,RC,100,Q110,Q,TL30_MGLS_V10000,GLS,30,10000,200,42,0.2,0.1,True,14,1348.3,22.0,97.7,98.1,97.6,2.5,ontime_p50,95.0,True,True,feasible,static_v1,0,-0.36,0.0,0.1275,0
RC102,RC,100,Q120,Q,TL30_MGLS_V10000,GLS,30,10000,200,42,0.2,0.1,True,14,1352.9,29.6,97.9,97.5,96.7,2.4,ontime_p50,95.0,True,False,feasible,static_v1,0,-0.02,0.34,0.115,0
RC102,RC,100,Q130,Q,TL30_MGLS_V10000,GLS,30,10000,200,42,0.2,0.1,True,14,1383.0,34.6,98.7,98.7,98.1,2.4,ontime_p50,95.0,True,False,feasible,static_v1,0,2.2,2.57,0.66,1
RC102,RC,100,SAA16-b0p3,SAA,TL30_MGLS_V10000,GLS,30,10000,200,42,0.2,0.1,True,14,1399.3,182.5,99.3,99.4,98.3,2.3,ontime_p50,95.0,True,False,feasible,static_v1,0,3.41,3.78,0.7625,1
RC102,RC,100,SAA32-b0p5,SAA,TL30_MGLS_V10000,GLS,30,10000,200,42,0.2,0.1,True,14,1422.6,347.6,98.7,98.5,97.3,2.4,ontime_p50,95.0,True,False,feasible,static_v1,0,5.13,5.51,0.13,0
RC102,RC,100,SAA64-b0p7,SAA,TL30_MGLS_V10000,GLS,30,10000,200,42,0.2,0.1,True,14,1457.4,563.0,99.3,98.5,96.7,2.4,ontime_p50,95.0,True,False,feasible,static_v1,0,7.7,8.09,0.17,0
RC102,RC,100,Gamma1-q1p645,Gamma,TL30_MGLS_V10000,GLS,30,10000,200,42,0.2,0.1,True,14,1361.1,279.2,99.1,99.5,97.5,2.1,ontime_p50,95.0,True,False,feasible,static_v1,0,0.58,0.95,0.09,0
RC102,RC,100,Gamma2-q1p645,Gamma,TL30_MGLS_V10000,GLS,30,10000,200,42,0.2,0.1,True,14,1367.7,431.7,99.2,99.0,97.2,2.1,ontime_p50,95.0,True,False,feasible,static_v1,0,1.07,1.44,0.085,0
RC103,RC,100,DET,DET,TL30_MGLS_V10000,GLS,30,10000,200,42,0.2,0.1,True,16,1561.9,9.7,98.6,98.6,97.8,2.4,ontime_p50,95.0,True,False,feasible,static_v1,0,0.0,1.11,0.0525,0
RC103,RC,100,Q110,Q,TL30_MGLS_V10000,GLS,30,10000,200,42,0.2,0.1,True,16,1544.7,20.6,97.6,97.6,96.4,2.4,ontime_p50,95.0,True,True,feasible,static_v1,0,-1.1,0.0,0.1325,0
RC103,RC,100,Q120,Q,TL30_MGLS_V10000,GLS,30,10000,200,42,0.2,0.1,True,16,1573.3,28.6,99.2,99.1,98.3,2.3,ontime_p50,95.0,True,False,feasible,static_v1,0,0.73,1.85,0.7025,1
RC103,RC,100,Q130,Q,TL30_MGLS_V10000,GLS,30,10000,200,42,0.2,0.1,True,17,1580.5,35.3,98.5,98.4,97.0,2.3,ontime_p50,95.0,True,False,feasible,static_v1,0,1.19,2.32,0.0875,0
RC103,RC,100,SAA16-b0p3,SAA,TL30_MGLS_V10000,GLS,30,10000,200,42,0.2,0.1,True,16,1589.6,187.4,98.3,98.2,96.8,2.6,ontime_p50,95.0,True,False,feasible,static_v1,0,1.77,2.91,0.1475,0
RC103,RC,100,SAA32-b0p5,SAA,TL30_MGLS_V10000,GLS,30,10000,200,42,0.2,0.1,True,16,1641.2,299.0,98.4,98.2,96.3,2.3,ontime_p50,95.0,True,False,feasible,static_v1,0,5.08,6.25,0.08,0
RC103,RC,100,SAA64-b0p7,SAA,TL30_MGLS_V10000,GLS,30,10000,200,42,0.2,0.1,True,17,1672.6,607.7,99.2,99.0,97.7,2.2,ontime_p50,95.0,True,False,feasible,static_v1,0,7.09,8.28,0.135,0
RC103,RC,100,Gamma1-q1p645,Gamma,TL30_MGLS_V10000,GLS,30,10000,200,42,0.2,0.1,True,16,1566.7,255.3,98.2,98.2,97.7,2.5,ontime_p50,95.0,True,False,feasible,static_v1,0,0.31,1.42,0.0875,0
RC103,RC,100,Gamma2-q1p645,Gamma,TL30_MGLS_V10000,GLS,30,10000,200,42,0.2,0.1,True,17,1574.6,382.6,99.2,99.3,97.7,2.3,ontime_p50,95.0,True,False,feasible,static_v1,0,0.81,1.94,0.065,0
RC104,RC,100,DET,DET,TL30_MGLS_V10000,GLS,30,10000,200,42,0.2,0.1,True,16,1764.9,9.6,97.5,97.7,96.0,2.5,ontime_p50,95.0,True,True,feasible,static_v1,0,0.0,0.0,0.1025,0
RC104,RC,100,Q110,Q,TL30_MGLS_V10000,GLS,30,10000,200,42,0.2,0.1,True,16,1771.2,19.9,97.7,97.9,97.2,2.5,ontime_p50,95.0,True,False,feasible,static_v1,0,0.36,0.36,0.065,0
RC104,RC,100,Q120,Q,TL30_MGLS_V10000,GLS,30,10000,200,42,0.2,0.1,True,17,1776.0,27.2,98.9,98.8,97.6,2.2,ontime_p50,95.0,True,False,feasible,static_v1,0,0.63,0.63,0.09,0
RC104,RC,100,Q130,Q,TL30_MGLS_V10000,GLS,30,10000,200,42,0.2,0.1,True,17,1767.5,34.2,98.0,97.9,96.2,2.5,ontime_p50,95.0,True,False,feasible,static_v1,0,0.15,0.15,0.06,0
RC104,RC,100,SAA16-b0p3,SAA,TL30_MGLS_V10000,GLS,30,10000,200,42,0.2,0.1,True,16,1801.8,189.1,100.0,99.7,99.2,2.2,ontime_p50,95.0,True,False,feasible,static_v1,0,2.09,2.09,0.81,1
RC104,RC,100,SAA32-b0p5,SAA,TL30_MGLS_V10000,GLS,30,10000,200,42,0.2,0.1,True,16,1825.2,330.1,98.9,98.1,97.1,2.2,ontime_p50,95.0,True,False,feasible,static_v1,0,3.42,3.42,0.145,0
RC104,RC,100,SAA64-b0p7,SAA,TL30_MGLS_V10000,GLS,30,10000,200,42,0.2,0.1,True,16,1818.7,661.5,99.3,99.1,97.1,2.3,ontime_p50,95.0,True,False,feasible,static_v1,0,3.05,3.05,0.1675,0
RC104,RC,100,Gamma1-q1p645,Gamma,TL30_MGLS_V10000,GLS,30,10000,200,42,0.2,0.1,True,17,1773.7,249.4,97.7,97.8,96.1,2.6,ontime_p50,95.0,True,False,feasible,static_v1,0,0.5,0.5,0.1875,0
RC104,RC,100,Gamma2-q1p645,Gamma,TL30_MGLS_V10000,GLS,30,10000,200,42,0.2,0.1,True,16,1787.7,410.3,99.9,100.0,98.7,2.4,ontime_p50,95.0,True,False,feasible,static_v1,0,1.29,1.29,0.655,1
RC105,RC,100,DET,DET,TL30_MGLS_V10000,GLS,30,10000,200,42,0.2,0.1,True,14,1417.2,11.3,99.5,99.6,99.0,2.2,ontime_p50,95.0,True,True,feasible,static_v1,0,0.0,0.0,0.6675,1
RC105,RC,100,Q110,Q,TL30_MGLS_V10000,GLS,30,10000,200,42,0.2,0.1,True,14,1431.0,22.6,98.4,98.2,97.1,2.3,ontime_p50,95.0,True,False,feasible,static_v1,0,0.97,0.97,0.075,0
RC105,RC,100,Q120,Q,TL30_MGLS_V10000,GLS,30,10000,200,42,0.2,0.1,True,15,1442.2,30.3,99.3,99.4,97.6,2.5,ontime_p50,95.0,True,False,feasible,static_v1,0,1.76,1.76,0.09,0
RC105,RC,100,Q130,Q,TL30_MGLS_V10000,GLS,30,10000,200,42,0.2,0.1,True,14,1419.1,31.9,99.4,99.3,97.4,2.4,ontime_p50,95.0,True,False,feasible,static_v1,0,0.13,0.13,0.06,0
RC105,RC,100,SAA16-b0p3,SAA,TL30_MGLS_V10000,GLS,30,10000,200,42,0.2,0.1,True,14,1438.5,208.3,98.4,98.2,96.8,2.4,ontime_p50,95.0,True,False,feasible,static_v1,0,1.5,1.5,0.215,0
RC105,RC,100,SAA32-b0p5,SAA,TL30_MGLS_V10000,GLS,30,10000,200,42,0.2,0.1,True,15,1460.2,358.6,99.6,99.8,97.9,2.4,ontime_p50,95.0,True,False,feasible,static_v1,0,3.03,3.03,0.1125,0
RC105,RC,100,SAA64-b0p7,SAA,TL30_MGLS_V10000,GLS,30,10000,200,42,0.2,0.1,True,14,1499.0,532.2,99.9,100.0,99.2,2.0,ontime_p50,95.0,True,False,feasible,static_v1,0,5.77,5.77,0.72,1
RC105,RC,100,Gamma1-q1p645,Gamma,TL30_MGLS_V10000,GLS,30,10000,200,42,0.2,0.1,True,15,1422.1,256.0,98.9,99.0,97.1,2.3,ontime_p50,95.0,True,False,feasible,static_v1,0,0.35,0.35,0.095,0
RC105,RC,100,Gamma2-q1p645,Gamma,TL30_MGLS_V10000,GLS,30,10000,200,42,0.2,0.1,True,14,1444.6,408.4,98.5,98.7,97.9,2.5,ontime_p50,95.0,True,False,feasible,static_v1,0,1.93,1.93,0.1,0
RC106,RC,100,DET,DET,TL30_MGLS_V10000,GLS,30,10000,200,42,0.2,0.1,True,16,1312.2,10.6,98.5,98.5,96.9,2.2,ontime_p50,95.0,True,True,feasible,static_v1,0,0.0,0.0,0.11,0
RC106,RC,100,Q110,Q,TL30_MGLS_V10000,GLS,30,10000,200,42,0.2,0.1,True,16,1325.0,19.6,98.5,98.4,97.4,2.5,ontime_p50,95.0,True,False,feasible,static_v1,0,0.98,0.98,0.145,0
RC106,RC,100,Q120,Q,TL30_MGLS_V10000,GLS,30,10000,200,42,0.2,0.1,True,16,1328.8,24.4,98.8,98.9,98.3,2.5,ontime_p50,95.0,True,False,feasible,static_v1,0,1.27,1.27,0.7725,1
RC106,RC,100,Q130,Q,TL30_MGLS_V10000,GLS,30,10000,200,42,0.2,0.1,True,16,1314.4,30.6,100.0,100.0,98.3,2.2,ontime_p50,95.0,True,False,feasible,static_v1,0,0.17,0.17,0.735,1
RC106,RC,100,SAA16-b0p3,SAA,TL30_MGLS_V10000,GLS,30,10000,200,42,0.2,0.1,True,16,1333.4,186.1,99.1,98.9,97.0,2.2,ontime_p50,95.0,True,False,feasible,static_v1,0,1.62,1.62,0.25,0
RC106,RC,100,SAA32-b0p5,SAA,TL30_MGLS_V10000,GLS,30,10000,200,42,0.2,0.1,True,16,1361.7,339.6,97.7,97.9,96.7,2.4,ontime_p50,95.0,True,False,feasible,static_v1,0,3.77,3.77,0.1325,0
RC106,RC,100,SAA64-b0p7,SAA,TL30_MGLS_V10000,GLS,30,10000,200,42,0.2,0.1,True,16,1413.1,538.1,100.0,100.0,98.2,2.3,ontime_p50,95.0,True,False,feasible,static_v1,0,7.69,7.69,0.77,1
RC106,RC,100,Gamma1-q1p645,Gamma,TL30_MGLS_V10000,GLS,30,10000,200,42,0.2,0.1,True,17,1326.6,276.5,99.1,99.2,97.2,2.1,ontime_p50,95.0,True,False,feasible,static_v1,0,1.1,1.1,0.1125,0
RC106,RC,100,Gamma2-q1p645,Gamma,TL30_MGLS_V10000,GLS,30,10000,200,42,0.2,0.1,True,16,1330.2,368.0,98.0,98.1,97.1,2.5,ontime_p50,95.0,True,False,feasible,static_v1,0,1.37,1.37,0.0875,0
RC107,RC,100,DET,DET,TL30_MGLS_V10000,GLS,30,10000,200,42,0.2,0.1,True,13,1690.3,10.1,99.7,99.5,98.1,2.3,ontime_p50,95.0,True,False,feasible,static_v1,0,0.0,0.87,0.685,1
RC107,RC,100,Q110,Q,TL30_MGLS_V10000,GLS,30,10000,200,42,0.2,0.1,True,13,1701.3,18.8,97.9,98.0,96.3,2.5,ontime_p50,95.0,True,False,feasible,static_v1,0,0.65,1.53,0.1425,0
RC107,RC,100,Q120,Q,TL30_MGLS_V10000,GLS,30,10000,200,42,0.2,0.1,True,13,1675.7,29.2,99.0,99.0,98.1,2.4,ontime_p50,95.0,True,True,feasible,static_v1,0,-0.86,0.0,0.7025,1
RC107,RC,100,Q130,Q,TL30_MGLS_V10000,GLS,30,10000,200,42,0.2,0.1,True,14,1705.0,36.6,97.8,97.5,95.7,2.5,ontime_p50,95.0,True,False,feasible,static_v1,0,0.87,1.75,0.105,0
RC107,RC,100,SAA16-b0p3,SAA,TL30_MGLS_V10000,GLS,30,10000,200,42,0.2,0.1,True,14,1746.2,186.1,99.1,99.2,98.1,2.1,ontime_p50,95.0,True,False,feasible,static_v1,0,3.31,4.21,0.78,1
RC107,RC,100,SAA32-b0p5,SAA,TL30_MGLS_V10000,GLS,30,10000,200,42,0.2,0.1,True,13,1752.3,328.9,98.3,98.8,97.3,2.5,ontime_p50,95.0,True,False,feasible,static_v1,0,3.67,4.57,0.16,0
RC107,RC,100,SAA64-b0p7,SAA,TL30_MGLS_V10000,GLS,30,10000,200,42,0.2,0.1,True,13,1778.8,568.4,98.9,98.9,97.5,2.4,ontime_p50,95.0,True,False,feasible,static_v1,0,5.24,6.15,0.1725,0
RC107,RC,100,Gamma1-q1p645,Gamma,TL30_MGLS_V10000,GLS,30,10000,200,42,0.2,0.1,True,14,1707.6,260.8,97.8,97.8,96.2,2.2,ontime_p50,95.0,True,False,feasible,static_v1,0,1.02,1.9,0.1175,0
RC107,RC,100,Gamma2-q1p645,Gamma,TL30_MGLS_V10000,GLS,30,10000,200,42,0.2,0.1,True,13,1715.3,364.4,98.9,98.8,97.1,2.4,ontime_p50,95.0,True,False,feasible,static_v1,0,1.48,2.36,0.1125,0
RC108,RC,100,DET,DET,TL30_MGLS_V10000,GLS,30,10000,200,42,0.2,0.1,True,16,1321.4,10.0,99.2,99.5,98.8,2.2,ontime_p50,95.0,True,False,feasible,static_v1,0,0.0,1.09,0.7625,1
RC108,RC,100,Q110,Q,TL30_MGLS_V10000,GLS,30,10000,200,42,0.2,0.1,True,16,1307.2,19.5,98.5,98.7,97.0,2.4,ontime_p50,95.0,True,True,feasible,static_v1,0,-1.07,0.0,0.1225,0
RC108,RC,100,Q120,Q,TL30_MGLS_V10000,GLS,30,10000,200,42,0.2,0.1,True,17,1323.0,30.3,98.3,98.2,97.7,2.3,ontime_p50,95.0,True,False,feasible,static_v1,0,0.12,1.21,0.135,0
RC108,RC,100,Q130,Q,TL30_MGLS_V10000,GLS,30,10000,200,42,0.2,0.1,True,16,1330.4,33.0,99.0,99.1,97.4,2.3,ontime_p50,95.0,True,False,feasible,static_v1,0,0.68,1.77,0.1225,0
RC108,RC,100,SAA16-b0p3,SAA,TL30_MGLS_V10000,GLS,30,10000,200,42,0.2,0.1,True,17,1371.9,230.9,100.0,99.7,99.2,2.1,ontime_p50,95.0,True,False,feasible,static_v1,0,3.82,4.95,0.8725,1
RC108,RC,100,SAA32-b0p5,SAA,TL30_MGLS_V10000,GLS,30,10000,200,42,0.2,0.1,True,16,1375.5,326.1,99.1,99.2,98.3,2.3,ontime_p50,95.0,True,False,feasible,static_v1,0,4.09,5.22,0.775,1
RC108,RC,100,SAA64-b0p7,SAA,TL30_MGLS_V10000,GLS,30,10000,200,42,0.2,0.1,True,17,1422.3,644.0,98.8,98.8,97.5,2.2,ontime_p50,95.0,True,False,feasible,static_v1,0,7.64,8.81,0.2375,0
RC108,RC,100,Gamma1-q1p645,Gamma,TL30_MGLS_V10000,GLS,30,10000,200,42,0.2,0.1,True,16,1333.7,257.5,99.3,99.4,98.4,2.4,ontime_p50,95.0,True,False,feasible,static_v1,0,0.93,2.03,0.7975,1
RC108,RC,100,Gamma2-q1p645,Gamma,TL30_MGLS_V10000,GLS,30,10000,200,42,0.2,0.1,True,16,1342.7,447.4,99.9,100.0,98.2,2.4,ontime_p50,95.0,True,False,feasible,static_v1,0,1.61,2.72,0.775,1
RC201,RC,100,DET,DET,TL30_MGLS_V10000,GLS,30,10000,200,42,0.2,0.1,True,10,1407.7,9.0,98.8,98.9,97.7,2.3,ontime_p50,95.0,True,True,feasible,static_v1,0,0.0,0.0,0.1775,0
RC201,RC,100,Q110,Q,TL30_MGLS_V10000,GLS,30,10000,200,42,0.2,0.1,True,10,1417.6,18.8,99.8,99.8,98.9,2.2,ontime_p50,95.0,True,False,feasible,static_v1,0,0.7,0.7,0.7025,1
RC201,RC,100,Q120,Q,TL30_MGLS_V10000,GLS,30,10000,200,42,0.2,0.1,True,10,1428.9,24.7,99.1,99.1,97.3,2.3,ontime_p50,95.0,True,False,feasible,static_v1,0,1.51,1.51,0.175,0
RC201,RC,100,Q130,Q,TL30_MGLS_V10000,GLS,30,10000,200,42,0.2,0.1,True,11,1419.6,29.9,98.7,98.5,96.7,2.4,ontime_p50,95.0,True,False,feasible,static_v1,0,0.85,0.85,0.17,0
RC201,RC,100,SAA16-b0p3,SAA,TL30_MGLS_V10000,GLS,30,10000,200,42,0.2,0.1,True,10,1426.4,182.1,99.5,99.5,97.8,2.4,ontime_p50,95.0,True,False,feasible,static_v1,0,1.33,1.33,0.3125,0
RC201,RC,100,SAA32-b0p5,SAA,TL30_MGLS_V10000,GLS,30,10000,200,42,0.2,0.1,True,11,1482.6,320.2,99.9,100.0,98.7,2.2,ontime_p50,95.0,True,False,feasible,static_v1,0,5.32,5.32,0.765,1
RC201,RC,100,SAA64-b0p7,SAA,TL30_MGLS_V10000,GLS,30,10000,200,42,0.2,0.1,True,11,1505.5,515.3,99.9,100.0,98.7,2.3,ontime_p50,95.0,True,False,feasible,static_v1,0,6.95,6.95,0.8275,1
RC201,RC,100,Gamma1-q1p645,Gamma,TL30_MGLS_V10000,GLS,30,10000,200,42,0.2,0.1,True,10,1413.8,212.6,99.6,99.5,98.1,2.3,ontime_p50,95.0,True,False,feasible,static_v1,0,0.43,0.43,0.8175,1
RC201,RC,100,Gamma2-q1p645,Gamma,TL30_MGLS_V10000,GLS,30,10000,200,42,0.2,0.1,True,10,1433.0,398.2,100.0,100.0,99.4,2.2,ontime_p50,95.0,True,False,feasible,static_v1,0,1.8,1.8,0.795,1
RC202,RC,100,DET,DET,TL30_MGLS_V10000,GLS,30,10000,200,42,0.2,0.1,True,11,1201.7,9.1,98.7,98.9,97.4,2.5,ontime_p50,95.0,True,True,feasible,static_v1,0,0.0,0.0,0.085,0
RC202,RC,100,Q110,Q,TL30_MGLS_V10000,GLS,30,10000,200,42,0.2,0.1,True,11,1224.3,18.6,100.0,100.0,99.2,2.3,ontime_p50,95.0,True,False,feasible,static_v1,0,1.88,1.88,0.7175,1
RC202,RC,100,Q120,Q,TL30_MGLS_V10000,GLS,30,10000,200,42,0.2,0.1,True,12,1202.9,22.9,99.3,99.5,98.7,2.4,ontime_p50,95.0,True,False,feasible,static_v1,0,0.1,0.1,0.72,1
RC202,RC,100,Q130,Q,TL30_MGLS_V10000,GLS,30,10000,200,42,0.2,0.1,True,11,1220.7,33.7,98.9,98.7,98.0,2.3,ontime_p50,95.0,True,False,feasible,static_v1,0,1.58,1.58,0.175,0
RC202,RC,100,SAA16-b0p3,SAA,TL30_MGLS_V10000,GLS,30,10000,200,42,0.2,0.1,True,11,1228.5,191.3,99.4,99.3,97.5,2.2,ontime_p50,95.0,True,False,feasible,static_v1,0,2.23,2.23,0.15,0
RC202,RC,100,SAA32-b0p5,SAA,TL30_MGLS_V10000,GLS,30,10000,200,42,0.2,0.1,True,12,1249.5,327.6,99.3,98.8,97.6,2.3,ontime_p50,95.0,True,False,feasible,static_v1,0,3.98,3.98,0.0625,0
RC202,RC,100,SAA64-b0p7,SAA,TL30_MGLS_V10000,GLS,30,10000,200,42,0.2,0.1,True,12,1250.1,586.1,99.7,99.3,97.4,2.2,ontime_p50,95.0,True,False,feasible,static_v1,0,4.03,4.03,0.145,0
RC202,RC,100,Gamma1-q1p645,Gamma,TL30_MGLS_V10000,GLS,30,10000,200,42,0.2,0.1,True,12,1212.4,265.2,99.0,98.9,97.4,2.1,ontime_p50,95.0,True,False,feasible,static_v1,0,0.89,0.89,0.095,0
RC202,RC,100,Gamma2-q1p645,Gamma,TL30_MGLS_V10000,GLS,30,10000,200,42,0.2,0.1,True,11,1218.3,358.4,98.9,98.4,97.9,2.4,ontime_p50,95.0,True,False,feasible,static_v1,0,1.38,1.38,0.085,0
RC203,RC,100,DET,DET,TL30_MGLS_V10000,GLS,30,10000,200,42,0.2,0.1,True,11,1273.2,8.4,99.0,99.0,98.2,2.2,ontime_p50,95.0,True,False,feasible,static_v1,0,0.0,0.61,0.71,1
RC203,RC,100,Q110,Q,TL30_MGLS_V10000,GLS,30,10000,200,42,0.2,0.1,True,12,1297.7,16.8,99.0,99.0,97.6,2.3,ontime_p50,95.0,True,False,feasible,static_v1,0,1.92,2.54,0.145,0
RC203,RC,100,Q120,Q,TL30_MGLS_V10000,GLS,30,10000,200,42,0.2,0.1,True,11,1265.5,25.6,99.0,99.0,97.4,2.3,ontime_p50,95.0,True,True,feasible,static_v1,0,-0.6,0.0,0.1275,0
RC203,RC,100,Q130,Q,TL30_MGLS_V10000,GLS,30,10000,200,42,0.2,0.1,True,11,1288.6,33.8,99.9,99.8,98.7,2.4,ontime_p50,95.0,True,False,feasible,static_v1,0,1.21,1.83,0.685,1
RC203,RC,100,SAA16-b0p3,SAA,TL30_MGLS_V10000,GLS,30,10000,200,42,0.2,0.1,True,11,1309.3,204.9,99.4,99.5,98.5,2.4,ontime_p50,95.0,True,False,feasible,static_v1,0,2.84,3.46,0.855,1
RC203,RC,100,SAA32-b0p5,SAA,TL30_MGLS_V10000,GLS,30,10000,200,42,0.2,0.1,True,12,1322.5,327.9,100.0,100.0,98.5,2.2,ontime_p50,95.0,True,False,feasible,static_v1,0,3.87,4.5,0.745,1
RC203,RC,100,SAA64-b0p7,SAA,TL30_MGLS_V10000,GLS,30,10000,200,42,0.2,0.1,True,11,1342.5,604.2,99.9,100.0,98.0,2.2,ontime_p50,95.0,True,False,feasible,static_v1,0,5.44,6.08,0.245,0
RC203,RC,100,Gamma1-q1p645,Gamma,TL30_MGLS_V10000,GLS,30,10000,200,42,0.2,0.1,True,11,1278.3,270.4,99.5,99.4,97.9,2.2,ontime_p50,95.0,True,False,feasible,static_v1,0,0.4,1.01,0.15,0
RC203,RC,100,Gamma2-q1p645,Gamma,TL30_MGLS_V10000,GLS,30,10000,200,42,0.2,0.1,True,11,1294.3,361.2,98.9,98.8,97.5,2.2,ontime_p50,95.0,True,False,feasible,static_v1,0,1.66,2.28,0.1275,0
RC204,RC,100,DET,DET,TL30_MGLS_V10000,GLS,30,10000,200,42,0.2,0.1,True,10,1370.4,9.2,99.2,99.0,97.3,2.1,ontime_p50,95.0,True,False,feasible,static_v1,0,0.0,0.67,0.11,0
RC204,RC,100,Q110,Q,TL30_MGLS_V10000,GLS,30,10000,200,42,0.2,0.1,True,10,1392.7,18.3,99.0,99.0,97.3,2.3,ontime_p50,95.0,True,False,feasible,static_v1,0,1.63,2.31,0.0875,0
RC204,RC,100,Q120,Q,TL30_MGLS_V10000,GLS,30,10000,200,42,0.2,0.1,True,10,1361.3,24.7,99.4,99.4,97.6,2.4,ontime_p50,95.0,True,True,feasible,static_v1,0,-0.66,0.0,0.115,0
RC204,RC,100,Q130,Q,TL30_MGLS_V10000,GLS,30,10000,200,42,0.2,0.1,True,10,1386.6,31.6,98.9,98.4,96.5,2.2,ontime_p50,95.0,True,False,feasible,static_v1,0,1.18,1.86,0.065,0
RC204,RC,100,SAA16-b0p3,SAA,TL30_MGLS_V10000,GLS,30,10000,200,42,0.2,0.1,True,10,1400.3,189.1,99.9,99.8,98.7,2.2,ontime_p50,95.0,True,False,feasible,static_v1,0,2.18,2.86,0.8,1
RC204,RC,100,SAA32-b0p5,SAA,TL30_MGLS_V10000,GLS,30,10000,200,42,0.2,0.1,True,10,1425.8,289.4,100.0,99.6,98.0,2.3,ontime_p50,95.0,True,False,feasible,static_v1,0,4.04,4.74,0.2,0
RC204,RC,100,SAA64-b0p7,SAA,TL30_MGLS_V10000,GLS,30,10000,200,42,0.2,0.1,True,10,1438.7,518.4,99.1,99.2,98.5,2.4,ontime_p50,95.0,True,False,feasible,static_v1,0,4.98,5.69,0.79,1
RC204,RC,100,Gamma1-q1p645,Gamma,TL30_MGLS_V10000,GLS,30,10000,200,42,0.2,0.1,True,10,1374.5,253.1,99.8,100.0,98.2,2.1,ontime_p50,95.0,True,False,feasible,static_v1,0,0.3,0.97,0.715,1
RC204,RC,100,Gamma2-q1p645,Gamma,TL30_MGLS_V10000,GLS,30,10000,200,42,0.2,0.1,True,10,1385.9,415.6,98.9,98.5,96.6,2.5,ontime_p50,95.0,True,False,feasible,static_v1,0,1.13,1.81,0.1625,0
RC205,RC,100,DET,DET,TL30_MGLS_V10000,GLS,30,10000,200,42,0.2,0.1,True,11,1060.0,9.0,99.4,99.7,98.2,2.3,ontime_p50,95.0,True,True,feasible,static_v1,0,0.0,0.0,0.7625,1
RC205,RC,100,Q110,Q,TL30_MGLS_V10000,GLS,30,10000,200,42,0.2,0.1,True,11,1084.2,20.6,99.8,100.0,99.0,2.3,ontime_p50,95.0,True,False,feasible,static_v1,0,2.28,2.28,0.7775,1
RC205,RC,100,Q120,Q,TL30_MGLS_V10000,GLS,30,10000,200,42,0.2,0.1,True,11,1064.0,27.2,98.4,98.9,97.4,2.2,ontime_p50,95.0,True,False,feasible,static_v1,0,0.38,0.38,0.2275,0
RC205,RC,100,Q130,Q,TL30_MGLS_V10000,GLS,30,10000,200,42,0.2,0.1,True,12,1095.1,28.8,100.0,100.0,98.3,2.0,ontime_p50,95.0,True,False,feasible,static_v1,0,3.31,3.31,0.7725,1
RC205,RC,100,SAA16-b0p3,SAA,TL30_MGLS_V10000,GLS,30,10000,200,42,0.2,0.1,True,11,1074.9,191.2,100.0,100.0,99.3,2.4,ontime_p50,95.0,True,False,feasible,static_v1,0,1.41,1.41,0.865,1
RC205,RC,100,SAA32-b0p5,SAA,TL30_MGLS_V10000,GLS,30,10000,200,42,0.2,0.1,True,11,1103.6,266.3,99.8,99.7,98.5,2.1,ontime_p50,95.0,True,False,feasible,static_v1,0,4.11,4.11,0.765,1
RC205,RC,100,SAA64-b0p7,SAA,TL30_MGLS_V10000,GLS,30,10000,200,42,0.2,0.1,True,11,1132.7,485.0,99.2,99.2,97.8,2.3,ontime_p50,95.0,True,False,feasible,static_v1,0,6.86,6.86,0.235,0
RC205,RC,100,Gamma1-q1p645,Gamma,TL30_MGLS_V10000,GLS,30,10000,200,42,0.2,0.1,True,11,1065.1,239.2,99.7,99.9,99.0,2.3,ontime_p50,95.0,True,False,feasible,static_v1,0,0.48,0.48,0.765,1
RC205,RC,100,Gamma2-q1p645,Gamma,TL30_MGLS_V10000,GLS,30,10000,200,42,0.2,0.1,True,12,1078.8,379.5,100.0,99.7,98.0,2.1,ontime_p50,95.0,True,False,feasible,static_v1,0,1.77,1.77,0.215,0
RC206,RC,100,DET,DET,TL30_MGLS_V10000,GLS,30,10000,200,42,0.2,0.1,True,10,1250.4,10.1,99.0,98.8,97.6,2.3,ontime_p50,95.0,True,False,feasible,static_v1,0,0.0,0.51,0.1025,0
RC206,RC,100,Q110,Q,TL30_MGLS_V10000,GLS,30,10000,200,42,0.2,0.1,True,10,1259.9,20.3,98.9,99.1,97.5,2.4,ontime_p50,95.0,True,False,feasible,static_v1,0,0.76,1.28,0.1425,0
RC206,RC,100,Q120,Q,TL30_MGLS_V10000,GLS,30,10000,200,42,0.2,0.1,True,10,1244.0,22.5,99.0,99.2,98.6,2.4,ontime_p50,95.0,True,True,feasible,static_v1,0,-0.51,0.0,0.7425,1
RC206,RC,100,Q130,Q,TL30_MGLS_V10000,GLS,30,10000,200,42,0.2,0.1,True,10,1259.0,32.6,98.9,99.0,97.9,2.4,ontime_p50,95.0,True,False,feasible,static_v1,0,0.69,1.21,0.115,0
RC206,RC,100,SAA16-b0p3,SAA,TL30_MGLS_V10000,GLS,30,10000,200,42,0.2,0.1,True,11,1287.6,204.1,99.4,99.7,98.0,2.1,ontime_p50,95.0,True,False,feasible,static_v1,0,2.98,3.5,0.1725,0
RC206,RC,100,SAA32-b0p5,SAA,TL30_MGLS_V10000,GLS,30,10000,200,42,0.2,0.1,True,10,1313.6,299.0,99.9,99.6,98.0,2.4,ontime_p50,95.0,True,False,feasible,static_v1,0,5.05,5.59,0.07,0
RC206,RC,100,SAA64-b0p7,SAA,TL30_MGLS_V10000,GLS,30,10000,200,42,0.2,0.1,True,10,1322.3,585.7,99.7,99.5,97.6,2.1,ontime_p50,95.0,True,False,feasible,static_v1,0,5.75,6.29,0.1375,0
RC206,RC,100,Gamma1-q1p645,Gamma,TL30_MGLS_V10000,GLS,30,10000,200,42,0.2,0.1,True,10,1258.2,233.7,99.4,99.4,98.2,2.2,ontime_p50,95.0,True,False,feasible,static_v1,0,0.62,1.14,0.73,1
RC206,RC,100,Gamma2-q1p645,Gamma,TL30_MGLS_V10000,GLS,30,10000,200,42,0.2,0.1,True,10,1269.7,348.6,99.1,99.3,98.0,2.2,ontime_p50,95.0,True,False,feasible,static_v1,0,1.54,2.07,0.1475,0
RC207,RC,100,DET,DET,TL30_MGLS_V10000,GLS,30,10000,200,42,0.2,0.1,True,11,1206.8,9.0,98.6,98.4,96.6,2.3,ontime_p50,95.0,True,False,feasible,static_v1,0,0.0,1.11,0.17,0
RC207,RC,100,Q110,Q,TL30_MGLS_V10000,GLS,30,10000,200,42,0.2,0.1,True,12,1205.4,19.9,99.5,100.0,98.4,2.1,ontime_p50,95.0,True,False,feasible,static_v1,0,-0.12,1.0,0.7675,1
RC207,RC,100,Q120,Q,TL30_MGLS_V10000,GLS,30,10000,200,42,0.2,0.1,True,11,1193.5,26.4,99.2,99.4,98.9,2.3,ontime_p50,95.0,True,True,feasible,static_v1,0,-1.1,0.0,0.79,1
RC207,RC,100,Q130,Q,TL30_MGLS_V10000,GLS,30,10000,200,42,0.2,0.1,True,11,1201.8,29.9,98.8,98.5,97.0,2.5,ontime_p50,95.0,True,False,feasible,static_v1,0,-0.41,0.7,0.195,0
RC207,RC,100,SAA16-b0p3,SAA,TL30_MGLS_V10000,GLS,30,10000,200,42,0.2,0.1,True,12,1229.0,210.2,100.0,99.7,98.5,2.3,ontime_p50,95.0,True,False,feasible,static_v1,0,1.84,2.97,0.855,1
RC207,RC,100,SAA32-b0p5,SAA,TL30_MGLS_V10000,GLS,30,10000,200,42,0.2,0.1,True,11,1251.0,304.9,99.5,99.5,97.9,2.2,ontime_p50,95.0,True,False,feasible,static_v1,0,3.66,4.82,0.21,0
RC207,RC,100,SAA64-b0p7,SAA,TL30_MGLS_V10000,GLS,30,10000,200,42,0.2,0.1,True,11,1294.4,527.2,100.0,100.0,98.9,2.2,ontime_p50,95.0,True,False,feasible,static_v1,0,7.26,8.45,0.76,1
RC207,RC,100,Gamma1-q1p645,Gamma,TL30_MGLS_V10000,GLS,30,10000,200,42,0.2,0.1,True,11,1217.8,242.5,98.9,98.8,98.0,2.3,ontime_p50,95.0,True,False,feasible,static_v1,0,0.91,2.04,0.22,0
RC207,RC,100,Gamma2-q1p645,Gamma,TL30_MGLS_V10000,GLS,30,10000,200,42,0.2,0.1,True,11,1230.7,338.7,99.9,100.0,99.2,2.2,ontime_p50,95.0,True,False,feasible,static_v1,0,1.98,3.12,0.75,1
RC208,RC,100,DET,DET,TL30_MGLS_V10000,GLS,30,10000,200,42,0.2,0.1,True,10,1426.4,10.1,98.6,98.2,96.9,2.4,ontime_p50,95.0,True,True,feasible,static_v1,0,0.0,0.0,0.155,0
RC208,RC,100,Q110,Q,TL30_MGLS_V10000,GLS,30,10000,200,42,0.2,0.1,True,10,1429.3,17.4,99.7,100.0,99.0,2.1,ontime_p50,95.0,True,False,feasible,static_v1,0,0.2,0.2,0.73,1
RC208,RC,100,Q120,Q,TL30_MGLS_V10000,GLS,30,10000,200,42,0.2,0.1,True,10,1448.9,22.4,98.6,98.3,97.0,2.4,ontime_p50,95.0,True,False,feasible,static_v1,0,1.58,1.58,0.185,0
RC208,RC,100,Q130,Q,TL30_MGLS_V10000,GLS,30,10000,200,42,0.2,0.1,True,10,1437.0,28.9,98.7,98.7,97.9,2.3,ontime_p50,95.0,True,False,feasible,static_v1,0,0.74,0.74,0.16,0
RC208,RC,100,SAA16-b0p3,SAA,TL30_MGLS_V10000,GLS,30,10000,200,42,0.2,0.1,True,10,1467.5,191.0,99.8,99.8,98.4,2.4,ontime_p50,95.0,True,False,feasible,static_v1,0,2.88,2.88,0.9125,1
RC208,RC,100,SAA32-b0p5,SAA,TL30_MGLS_V10000,GLS,30,10000,200,42,0.2,0.1,True,10,1481.5,316.5,100.0,99.8,99.0,2.0,ontime_p50,95.0,True,False,feasible,static_v1,0,3.86,3.86,0.8125,1
RC208,RC,100,SAA64-b0p7,SAA,TL30_MGLS_V10000,GLS,30,10000,200,42,0.2,0.1,True,11,1519.5,540.1,99.8,100.0,98.6,2.1,ontime_p50,95.0,True,False,feasible,static_v1,0,6.53,6.53,0.8275,1
RC208,RC,100,Gamma1-q1p645,Gamma,TL30_MGLS_V10000,GLS,30,10000,200,42,0.2,0.1,True,10,1431.8,214.8,99.9,99.6,98.6,2.1,ontime_p50,95.0,True,False,feasible,static_v1,0,0.38,0.38,0.7325,1
RC208,RC,100,Gamma2-q1p645,Gamma,TL30_MGLS_V10000,GLS,30,10000,200,42,0.2,0.1,True,10,1449.0,369.6,100.0,99.8,97.9,2.2,ontime_p50,95.0,True,False,feasible,static_v1,0,1.58,1.58,0.175,0
